,AHI1,AKAP7,ALDH8A1,ARG1,BCLAF1,CAMK1D,CCDC28A,CDK4,CDKN2A,CDKN2B,CHAT,CITED2,COL6A2,CPM,CPT1B,CSTF2T,CTGF,CYP27B1,DKK1,DSE,DST,ECHDC1,EGFR,ENPP1,EPB41L2,EPHA7,EPM2A,EYA4,FABP7,GJA1,GPR126,GRM1,HBS1L,HDDC2,HEBP2,HECA,HEY2,HIVEP2,HSF2,IFNGR1,IL20RA,KIAA0408,KPNA5,LAMA2,MAN1A1,MAP3K5,MAP7,MDM2,MDM4,MED23,MET,MOXD1,MTAP,MYB,NF1,NMBR,NUS1,PACRG,PDE7B,PDGFRA,PERP,PEX3,PEX7,PFKP,PHACTR2,PIK3C2B,PIK3CA,PIK3R1,PLAGL1,PLN,PRKG1,PTEN,PTPRK,QKI,RAB32,RB1,RNF146,ROS1,RSU1,RWDD1,SERINC1,SF3B5,SLC18A3,SMPDL3A,STX11,TAAR2,TAAR5,TBPL1,TCF12,TCF21,TNFAIP3,TP53,TPD52L1,TRMT11,TSPAN31,UTRN,VNN1,VNN2,VNN3
TCGA-02-0003,-0.21177,0.15198,-0.41481,-0.1117,-0.07422,0.41632,-0.44091,2.42133,2.79241,1.4975,-0.0409,0.46604,-1.05531,0.98857,-0.14397,0.24779,0.12442,2.09951,-1.10882,-1.285,-0.51323,-0.01698,2.62348,-0.47542,-0.30197,0.7186,-0.04476,0.53311,1.464,0.10236,-0.48783,0.29923,-0.32115,-0.71083,-0.59419,0.11192,-0.31668,-0.3283,0.28783,0.01952,-0.44154,0.33124,0.21707,-1.06663,-0.22219,-0.38316,0.16033,-0.47832,-0.25454,-0.25002,-0.83919,-1.37965,0.89421,0.39224,0.06167,-0.33587,-0.27789,-0.34303,-0.04017,1.02505,0.14442,-0.23917,-0.23541,0.01472,-0.62213,0.18618,0.34964,0.66751,-0.72069,-0.32999,0.04345,0.11006,0.19485,0.08153,-0.45306,0.18399,-0.09055,0.32159,-0.07287,-0.52305,-0.13381,-0.37549,-0.06496,-0.3753,-0.55075,-0.36808,-0.17405,0.27074,0.20282,-0.28608,-1.17375,0.0203,0.50786,0.17871,3.21849,-0.57285,0.1203,-0.7296,-0.19941
TCGA-02-0007,0.55142,-0.46878,-0.49796,-0.0541,0.03614,0.23658,0.38305,0.16023,0.08428,0.53421,0.14845,-0.17239,0.75323,-1.71986,0.01853,0.13241,-1.29189,-0.58848,0.58903,-0.54183,-0.55881,-0.90992,-0.11339,0.05026,-0.80977,1.01151,-0.32169,0.567,-4.4476,-0.63921,-0.48643,0.40271,-0.69796,-0.49232,0.06786,-0.39664,-0.08082,-0.42132,-0.18354,-1.65687,0.49695,-0.00508,-0.28644,0.03666,-0.39304,-0.5503,0.15481,-0.82215,4.44968,-0.09246,-0.28321,-1.08872,0.40439,0.35678,0.02647,-0.18799,-0.46484,0.94028,-0.16273,-1.03489,-0.56439,-0.32399,-0.45432,0.63066,-0.09447,0.72253,-0.34637,-0.09388,0.15883,-0.56762,-0.08507,-0.11671,-0.02873,-1.87753,0.15319,-1.38868,-0.64206,0.32131,-0.21686,-0.62587,-0.7971,-0.87528,-0.16375,-1.33722,-0.7227,-0.07161,-0.01002,-0.89983,-0.72732,-0.58935,-1.00537,0.30966,0.23094,-0.69603,-0.26338,-0.41467,-0.55002,-0.97885,-0.45645
TCGA-02-0014,-0.69925,-0.02705,-0.36715,-0.31803,-1.03658,0.7549,-1.13833,0.66996,-1.4978,-1.01544,-0.22844,-0.12582,-1.04407,1.24251,0.04914,1.5866,-0.70043,-0.15894,-1.32557,-1.42853,0.06209,-0.92399,-1.98289,-0.83118,-0.48508,1.69583,-0.33391,-1.51506,-4.48061,-2.35072,-0.41602,-0.40873,0.06331,-0.47734,-0.75425,-0.63596,-1.22206,-1.95782,0.62628,-1.38976,-0.55835,0.71732,0.26409,-1.35756,-0.92625,-1.77248,-1.15977,-0.03655,0.64851,-0.07829,0.30805,-2.65734,-1.28903,1.19458,0.52394,0.02255,-0.16404,-1.64951,-0.70084,2.58311,-0.84409,-1.29686,-0.63041,0.29766,-1.23858,2.20313,0.4037,0.60327,-0.6874,-0.69243,-0.14519,0.42042,-0.42987,0.23384,-1.99115,0.24109,-0.20374,-0.08922,0.43654,-0.43972,-1.09154,-0.59393,-0.22088,-1.76637,-0.38147,-0.12673,-0.0839,0.51086,1.58166,-0.27084,-1.66387,-1.2367,-0.70514,-0.53754,-0.95835,-1.6708,-0.22015,-0.56984,-0.41087
TCGA-02-0015,0.16293,-0.04226,-0.0319,-0.19161,0.36408,-0.26141,-0.58035,-0.02391,-1.27741,-0.71515,0.17096,-0.34359,0.87534,-0.62762,-0.55346,0.14739,-0.54344,-0.17658,1.37674,-0.16699,-0.61784,0.27045,-1.31638,0.02374,-0.37764,-0.43433,-0.69308,0.79337,1.39777,-0.31351,0.09016,-0.41684,0.39982,0.34483,0.64095,-0.83992,0.29483,-0.4204,0.6602,-0.08397,-0.40055,0.60422,0.0675,0.02022,0.1929,-1.46388,-0.22056,-0.4176,-0.41724,0.01849,0.25265,1.08926,-0.81695,0.01833,-0.68167,-0.04962,0.43004,-1.32479,0.31357,-0.44729,0.56976,-0.7917,0.19496,0.89739,-0.50047,-0.26343,0.28202,-0.38843,-0.68706,0.03205,-0.24723,-0.3787,-0.74274,-0.37844,0.07297,0.58359,0.25228,0.45858,0.92956,0.29036,-0.03957,-0.53678,0.74698,0.39842,0.06312,0.32265,-0.18733,0.22921,0.43641,-0.04326,0.17004,0.77175,-0.07583,-0.06988,-0.75247,-0.01634,-0.04916,-0.65689,-0.01347
TCGA-02-0016,0.42836,0.38307,0.39586,0.80466,0.4512,0.57205,-0.07838,-0.89863,-1.12335,-0.77558,-0.17282,-0.15464,-1.06358,-0.0875,0.08453,-0.26505,0.81887,-0.34105,-1.34634,-0.88203,0.07611,0.42543,3.21145,0.13534,0.35356,-0.2956,0.80832,2.19686,0.64957,1.14434,-0.16335,-0.15261,0.17836,-0.21389,-0.5181,0.17157,0.50257,1.0422,0.09105,0.24911,-0.11599,-0.28006,0.35004,1.20821,-0.12112,-0.98295,-0.54641,-0.55576,-0.13219,1.06225,-0.46546,-0.91779,-0.50788,-0.51757,0.4293,-0.17572,0.01421,0.80373,0.94568,-1.15943,-0.29278,0.54253,0.24156,0.38276,0.23948,0.0595,0.19135,0.83524,-0.44341,-0.68369,-0.21664,-0.05157,-0.49641,0.18857,-0.28334,0.12933,0.54819,0.28446,-0.62278,0.29648,0.50663,-0.29794,-0.06693,-0.24868,-0.25022,0.16384,0.01205,-0.53166,0.2087,-0.26029,-0.16272,-0.1001,0.33298,0.61808,-0.39089,1.11021,-0.15264,-0.54833,-0.1454
TCGA-02-0023,-0.15849,0.10065,0.07311,-0.05905,-0.20936,0.21765,-0.02894,-0.74976,-1.18372,-0.82929,0.08911,-0.31317,-0.41662,-0.70775,0.20413,-0.48991,-0.49122,-0.34061,-1.29512,-0.52993,-0.04895,-0.88803,2.62653,-0.77474,-0.52847,-0.17407,-0.24924,0.26093,1.10859,0.75009,0.11935,0.62574,-0.5509,-0.68362,-0.63311,-0.27187,-0.2061,-0.04824,-1.03344,-0.51131,0.17771,-0.66474,-0.53102,1.08434,-0.41328,-0.23976,0.34328,-0.60793,-0.41308,-1.00661,-0.52576,0.48488,-0.84713,-0.37691,0.02594,-0.43752,-0.6878,0.18231,-0.04803,-1.84521,0.08598,-0.86354,-0.38952,0.51574,-0.15099,-0.5214,0.19926,0.51036,-0.37661,0.11979,-0.12093,-0.29148,-0.47208,-0.51957,-0.37199,-0.03337,-0.57242,0.12464,-0.74134,-0.68445,-0.01208,-0.64683,0.02029,-0.48103,-0.15419,-0.18041,0.12408,-0.92932,0.09146,-0.0771,-0.08373,-0.53389,0.38059,-0.49733,-0.80202,-0.34188,-0.19174,-0.33857,-0.19198
TCGA-02-0025,-0.23173,-0.60648,-0.1967,-0.25465,-0.5175,0.44598,0.14414,-0.94773,2.07362,0.58671,0.26438,0.6573,1.60516,0.6131,0.50418,-0.03876,1.07597,-0.45101,1.89163,1.43871,-0.1282,-0.24013,-1.52381,0.3722,-0.53812,-0.30448,-0.43995,0.19423,-4.63829,-1.18571,0.31602,-0.31181,-0.38082,-0.59855,0.66458,0.56144,-1.3861,0.30618,-0.45626,0.04337,-0.22401,-0.98814,-0.6788,-0.87131,0.82251,0.83378,-0.45668,-0.43402,-0.57582,-0.32976,1.35204,0.9942,1.26348,-0.1522,-0.38921,-0.13204,-0.42913,-2.34866,-0.86408,0.09389,-0.45372,-0.57698,-0.44909,-0.00976,0.65801,-0.92752,-0.01293,-0.92898,0.42564,0.10867,0.16015,0.52303,-0.05989,-1.33317,0.43736,-0.03918,-0.32058,0.23977,0.42098,-0.03317,-0.72599,-0.34362,0.20484,-0.06144,0.73482,0.20651,0.10824,-0.50204,-1.33794,0.24276,0.96241,-0.36598,1.5368,-0.30489,-1.33939,0.70979,1.42159,0.45544,0.2259
TCGA-02-0026,0.54114,-0.37041,0.42688,-0.23819,0.87124,0.8368,-0.75777,-0.3828,2.33196,1.31749,0.04973,-0.39989,-0.43973,-0.30631,0.25737,0.77426,-0.60646,-0.49413,-0.54599,-0.66865,0.58968,-0.33929,-0.87776,-0.60023,0.04553,0.71445,-0.3684,-1.2175,-3.0875,-0.7359,-0.03998,-0.53685,0.60106,-0.96193,-1.01788,0.33963,0.13874,0.08238,1.35223,-0.46863,-0.612,0.97228,-0.03445,-0.77405,-0.50267,-0.31768,0.38854,-0.808,0.37598,0.57697,-0.99474,-1.06954,0.95705,1.47535,0.32016,-0.37466,0.07605,-0.27762,-0.75853,-0.09797,-0.74918,-0.0351,-0.34749,1.07581,-0.5301,0.14281,0.14119,0.62385,-0.64301,-0.38967,-0.09206,-0.08038,0.17901,0.60687,-1.81963,-0.84334,0.46084,-0.1004,0.3658,-0.38844,-0.02207,-0.37447,0.74349,-0.71344,-0.69306,-0.35406,-0.1043,-0.08286,-0.33215,-0.36844,-0.7715,-0.39372,0.46937,1.03908,-0.95313,0.01713,-0.34383,-0.93259,-0.31496
TCGA-02-0034,0.09567,-0.58249,-0.28168,-0.12437,-0.30756,-0.42393,0.09176,-0.4041,-1.31954,-0.57007,-0.01133,0.26147,3.10609,0.69511,-0.12496,-0.70156,0.86414,-0.34744,1.88468,1.51695,0.00196,0.39936,-1.13846,1.35147,-0.39797,-0.47052,-0.28411,-0.79185,-1.89396,0.1808,0.41244,-0.38939,-4.00E-05,-0.17739,0.27271,0.61623,-0.36178,0.87477,-0.34628,0.14884,0.08337,0.32302,-0.33558,0.08942,0.64981,0.25042,-0.24868,-0.72326,-0.48426,0.01508,0.27111,-0.2117,0.82733,-0.02814,-0.12876,-0.0803,0.28451,-0.25618,0.17598,0.5071,-0.02465,-0.27963,-0.16673,-0.17163,0.35443,-0.6537,-0.14625,-0.36041,0.84121,-0.16584,-0.10272,-1.01571,0.17418,-0.56407,0.36443,-0.55146,-0.29925,0.86346,0.44476,-0.06922,-0.39386,-0.04114,0.02798,0.00527,-0.26362,0.05194,0.10447,-0.13646,-1.12793,-0.1597,1.6041,-0.1037,-0.66878,0.00606,-0.97601,0.34097,0.38,0.08916,0.25005
TCGA-02-0037,-0.0812,0.1141,0.53519,0.03764,0.1967,-0.5786,-0.03807,-0.35876,-1.34682,-0.79792,-0.02866,0.97385,1.53406,-0.28515,0.12807,-0.20542,0.47281,-0.48726,-1.02829,0.26151,0.37883,0.20025,-0.84686,-0.51019,-0.16134,-0.50596,-0.25395,-1.38817,1.08398,1.19903,-0.13994,-0.78661,0.66395,-0.0715,0.47538,0.19217,0.03775,0.69443,0.11177,-0.33695,-0.20681,-0.52819,0.23417,0.4859,0.04909,-0.02941,-0.13222,-0.83466,0.20559,0.33051,0.03033,0.69246,0.201,-0.35243,0.19154,0.01984,0.57906,0.43138,0.11455,1.82241,0.40315,0.34188,0.34576,0.7202,0.19601,-1.3716,-0.16316,0.04036,-0.23489,-0.03422,0.15536,0.62827,-0.78441,0.45644,0.48763,0.1718,0.13715,0.51356,0.76912,0.07031,0.43866,-0.09109,-0.11085,0.12241,0.19958,0.08141,0.09423,-0.44743,0.25677,-0.12317,1.44153,0.51287,-0.33147,0.70592,-0.56881,0.30777,0.01578,-0.92439,0.01669
TCGA-02-0046,0.36731,0.61134,0.35706,-0.02341,0.4042,0.10419,-0.24936,2.46516,2.93452,1.60825,0.84636,0.43402,-0.91851,0.12402,-0.24256,-0.05688,0.31045,2.66854,-1.49595,-0.58989,0.07646,0.6249,2.28639,-0.25314,0.07787,0.80836,0.08186,-1.31175,1.0941,0.12935,-0.27057,0.01105,0.47906,-0.3563,-1.14677,0.49328,0.03567,0.73085,1.08912,-0.12774,-0.50055,1.40359,1.00301,-0.76204,-0.43845,0.7217,-0.17351,-0.55181,0.21633,0.58461,-0.1815,1.11298,0.76882,0.62098,0.20809,-0.08581,0.27878,-0.11475,0.81484,0.54637,-0.47978,0.37018,0.34564,0.53383,-0.53071,1.17802,0.2569,0.71909,-0.53249,-0.28125,-0.21228,0.17702,0.5703,0.73612,-1.33038,-0.08227,0.75378,0.07757,-0.13705,0.16341,0.21476,-0.09874,0.98059,-0.10371,-0.1549,0.23781,-0.09786,0.6211,0.98194,-0.44404,-0.30989,0.09146,0.1757,0.88925,3.15786,-0.27911,-0.20667,-0.55192,-0.2579
TCGA-02-0047,-0.09663,0.38696,0.01655,-0.18122,-0.16354,0.86403,0.50216,-0.28183,-1.15599,-0.7373,-0.13581,-0.14533,0.72544,0.21395,-0.10711,0.41872,0.42838,-0.66949,0.06034,0.81334,0.10408,0.571,-2.18009,0.65719,0.64251,0.8232,-0.03967,0.1183,0.12187,0.468,0.47736,0.01219,0.22369,0.19007,0.10695,0.3494,0.85787,0.1323,0.10121,0.11682,-0.45017,0.7001,0.49209,-1.24696,-0.00128,-0.19406,0.27572,-0.49578,-0.52374,0.12421,-0.62357,-2.54119,-0.77687,0.08947,0.1341,-0.19623,0.23636,1.58322,0.08051,1.06217,-0.27858,0.07439,0.31234,0.12686,-0.08784,-0.18619,-0.1352,-0.0502,-0.05674,-0.10122,0.18362,1.11395,0.48978,0.63745,-0.34243,0.35999,0.15675,0.22491,0.70088,0.08445,0.27891,0.08316,0.23054,-0.02575,0.02541,-0.16135,0.0684,0.52422,0.18227,-0.36748,0.03516,0.54928,-0.22853,0.28362,-0.15473,0.65827,0.02872,0.28823,-0.37781
TCGA-02-0048,1.08968,0.36558,-0.23602,-0.33394,0.4043,-0.37038,0.20453,0.16348,-1.47763,-1.21101,0.0143,-0.50724,-0.9604,-0.92257,0.1152,-0.27202,0.77418,-0.17555,-1.09525,-1.26104,0.15974,0.29722,4.14676,-0.18424,0.02219,-0.44174,0.18522,0.60679,0.75887,0.64306,-0.55278,0.14671,-0.02014,0.20464,-0.23641,0.39266,-0.04155,0.16339,0.74517,-0.00497,1.14388,0.442,-0.27895,-0.68129,-0.93944,-0.88439,-0.55984,-1.3155,-0.56476,0.05379,-1.16376,-2.67362,-1.26213,-0.17655,0.35424,-0.2293,0.16662,0.46612,0.0363,-0.26236,0.25448,0.55254,0.09406,-0.43476,-0.95766,-0.8489,2.67855,1.01272,-0.78233,-0.68823,-0.23445,0.60126,0.16541,0.30402,-0.21926,0.79123,0.62262,0.26836,0.13254,0.05567,0.20564,-0.07702,-0.18172,-0.4965,-0.46912,-0.0029,-0.08562,0.35317,0.37615,-0.0304,-0.59502,0.17408,-0.15373,0.47543,-0.10475,-0.26805,-0.3556,-0.93307,-0.15012
TCGA-02-0052,0.02154,0.09328,-0.18249,0.11102,-0.47427,-0.73358,0.31351,0.5688,2.51663,0.5994,0.16828,0.45732,-0.03354,1.56567,0.30294,-0.19393,1.11752,-0.47472,-0.47752,0.13419,-0.43162,0.91822,-2.68573,0.38042,0.13478,0.35178,-0.1001,-0.95164,0.67875,0.24078,-0.15426,0.01247,0.38263,0.98562,0.38538,-0.43337,0.23327,-1.25049,1.34279,1.1395,-0.1907,0.11802,0.39322,-0.1338,0.48888,-0.62575,0.14433,4.7328,-0.66091,0.5249,-0.77895,1.21288,0.77148,1.57778,-0.24838,0.3306,0.51655,0.66291,0.08043,-0.2242,0.25706,0.21012,0.50759,-0.53531,-0.29186,-0.35722,-0.67101,-0.92001,-0.14264,1.06396,0.22139,0.39946,0.67316,-0.23263,0.80075,-0.38213,-0.03986,0.65557,0.29791,0.83323,-0.26579,0.54261,-0.18197,1.03973,0.68344,-0.18551,0.28441,1.6897,0.06084,-0.07807,-0.32005,0.2146,0.6797,0.41279,0.05715,-0.58364,0.11247,0.28285,0.10911
TCGA-02-0068,-0.77222,-0.63931,-0.05423,0.18041,-0.09744,-0.2901,-0.13252,-0.58158,-1.15491,-0.76002,-0.201,-0.0087,0.87971,0.38951,0.11157,-0.33778,0.20058,-0.36732,-1.38844,0.42106,0.08147,-0.26124,3.6085,-0.17481,-0.29096,-0.40859,-0.42249,-0.67268,0.8432,0.90947,0.35946,-0.48797,-0.30733,-0.90561,-0.36059,-0.35437,-0.65097,-0.43601,-0.01833,-0.19027,-0.44099,-1.20815,-0.0378,0.53328,-0.0961,-0.23332,-0.42906,-0.45995,0.01695,-0.44683,-0.73532,0.3842,0.01427,-0.42637,0.20934,-0.08254,0.49131,1.58707,-0.05709,-0.40104,0.41925,-0.64408,-0.08918,-0.69708,0.35946,-0.79526,-0.08071,0.37062,0.05174,0.89932,-0.18374,0.21726,-0.15851,0.37653,-0.15268,0.23587,-0.45164,0.58971,0.6305,0.25395,0.63119,-0.76435,-0.1774,0.51586,0.15836,-0.29327,-0.13213,-0.72588,-0.11484,-0.03358,0.26728,0.23468,-0.991,-0.22113,-0.49314,0.49583,0.03365,-0.31953,-0.03537
TCGA-02-0070,0.28543,-0.6412,0.45675,-0.08672,0.16106,-0.6921,-0.51303,-0.26038,-1.35118,-0.12514,0.114,0.23639,0.19014,0.00667,0.25233,-0.62296,0.03424,-0.10608,0.56374,-0.04971,0.50614,0.44413,-0.15207,-0.29804,-0.36379,-0.33424,-0.0134,1.8665,0.68626,0.43285,0.13871,-0.55625,0.35621,-0.73468,0.20511,0.55455,0.21412,0.29527,-0.14587,-0.29159,0.45934,0.47983,-0.18096,0.39344,-0.16007,-0.69253,-0.52366,0.7349,0.01016,0.17775,0.443,0.31742,0.71957,-0.22708,-0.41363,-0.10344,0.06828,0.54444,-0.08351,-0.7953,0.94767,-0.00695,-0.13068,-0.46392,-0.60919,-0.65308,0.15408,0.26689,-0.31416,-0.84465,-0.10911,0.16792,0.17064,0.27593,-0.58528,0.37432,0.68705,0.34589,-0.48593,-0.09103,0.18259,-0.32747,-0.11989,0.54813,-0.16231,0.05447,-0.00362,-0.05395,0.29946,-0.04343,0.60145,-0.10149,-0.68446,0.13797,-0.76773,0.09582,-0.173,-0.61817,0.18979
TCGA-02-0075,0.74299,-0.30162,1.07009,0.08126,0.42419,-0.05896,0.47991,-1.01087,2.34019,2.59413,0.00758,-0.18808,0.92963,0.7529,0.31928,-0.01255,0.68904,-0.48759,1.11529,1.23537,0.98098,0.7266,-1.33713,0.00193,0.78006,-0.6789,0.15447,0.87939,0.94459,0.01475,0.55077,-0.4216,1.37723,0.35295,0.20703,0.77161,-0.90196,0.3148,-0.1044,0.57208,-0.46261,0.19714,0.3315,1.52368,0.84406,0.57912,-0.35933,-0.33893,0.51678,0.498,1.50499,2.39229,1.39276,-0.51835,-0.46114,-0.17778,0.87105,-1.37456,0.06235,-0.16314,-0.94124,0.20411,0.31513,0.50098,1.33624,-1.24952,0.81097,-0.22653,0.90868,-0.46112,-0.02942,0.617,-0.06386,-0.19667,0.27272,-0.03324,0.58299,1.14463,0.36428,-0.08341,0.32698,-0.13402,-0.06442,0.75096,0.1285,0.05403,-0.31257,-0.22848,0.01186,0.43925,0.54581,0.44691,1.82703,0.87406,-1.09871,0.83206,0.14916,0.3546,0.12665
TCGA-02-0080,0.38074,0.21801,-0.33203,-0.54245,0.21534,1.03507,-0.64306,-0.38203,-0.02143,0.16509,-0.08136,-0.64212,-0.62417,-1.25535,0.82993,0.37718,0.36828,-0.78677,-1.93764,-1.15097,0.90319,-1.1958,-0.54462,-0.608,0.51144,-0.62839,0.5098,-1.28124,-4.91163,0.15936,-0.56479,0.92642,-0.54475,0.2612,-1.02137,0.06172,1.52471,-0.00085,0.10297,-0.6367,-0.49092,-0.43211,-0.13818,-1.09962,-0.82362,1.05192,0.31519,-0.58049,0.27771,-0.24165,-1.18539,-3.43639,0.76148,-0.60363,0.48293,-0.00339,-0.67927,-0.2821,-0.78691,0.24775,-0.69125,-0.90114,-0.21629,0.32538,-0.88118,-0.40334,0.52451,1.04868,-0.74145,1.63919,-0.07125,0.41841,-0.25889,0.33436,-2.04519,-0.48709,0.14254,0.04388,0.48801,-0.01851,-0.05034,-0.29133,0.10097,-1.92764,-0.30949,0.19788,0.18899,0.48232,1.61825,0.25747,-0.64172,-0.13928,-0.59963,0.18447,-0.85672,-0.2796,-0.57719,-0.93214,-0.04893
TCGA-02-0084,0.20808,0.06927,0.06256,-0.29897,-0.04815,0.63724,0.11223,-1.63091,0.8139,0.28428,0.14562,-0.68383,-0.77436,-0.10333,0.95597,0.0462,-1.22002,-0.58703,1.75421,1.48144,1.3327,-0.73791,-1.27151,-0.8194,0.54464,-0.33577,0.07097,-1.49936,-1.28987,-0.90008,0.29531,0.41505,-0.25725,-0.39877,-0.76901,0.54921,1.99458,-0.07607,-0.61763,-0.15427,-0.57212,0.90046,-0.20897,-0.59395,-0.28783,0.86073,-0.39418,-1.10996,0.03925,0.05645,-0.89851,-3.15993,0.37183,-0.39686,0.26435,0.09383,-0.59036,0.00737,-0.90281,0.33551,-0.88499,-0.58685,-0.61533,-0.70295,0.19863,-0.71128,-0.21501,-0.2348,0.0034,-0.55553,-0.12987,-0.06783,0.26988,0.22275,-1.16866,0.20383,-0.41286,-1.15518,-0.09858,-0.38552,0.59352,-0.44626,0.23455,0.0012,-0.08561,-0.48293,-0.01839,-0.49985,0.16112,-0.50924,0.2975,-0.10691,-0.7967,-0.40412,-1.23468,0.62067,0.06571,1.00677,0.22735
TCGA-02-0099,-0.28574,-0.62574,-0.36712,-0.48682,-0.09434,-0.15638,-0.14757,2.60881,1.17819,0.53095,-0.089,0.07622,0.92395,0.6176,0.05082,0.06167,1.62196,4.21916,-1.21639,0.64871,-0.18254,-0.33383,-1.70276,0.21683,-0.26313,1.02957,-0.36769,-0.11782,-0.47131,0.14417,0.47081,1.27875,-0.32058,-0.54603,-0.0219,-0.35551,-0.01698,-0.25918,-0.18028,-0.22207,0.24734,-1.22704,-0.0708,0.03884,0.46862,-0.19635,0.25401,3.30311,-0.48958,-0.41569,0.32037,0.44976,0.16713,-0.11821,0.04639,0.01035,-0.34245,1.2555,-0.17277,0.78708,0.78453,-0.52002,-0.42517,-0.52669,0.96113,-0.07235,-0.34244,-0.15579,-0.15094,0.89921,0.4743,-0.13404,-0.19104,-0.14244,-0.38561,-0.25552,-0.16069,-0.0053,0.07049,-0.74684,-0.45889,-0.63844,-0.27482,0.24615,-0.00567,-0.36256,-0.30387,-0.67121,-0.2851,-0.0174,0.22847,0.63345,1.03128,0.08179,3.68226,0.16238,-0.04022,0.0299,0.03156
TCGA-02-0104,1.26627,-0.08582,0.2406,-0.1903,0.17511,-0.06911,-0.18469,0.26542,-0.83466,-0.8107,0.23998,-0.42518,-0.65411,-1.70725,0.58115,-0.10168,-1.09853,-0.12236,-0.99302,-1.42861,0.24138,-0.05258,-1.88214,0.86997,-1.06679,1.40394,-0.1276,-1.29267,-3.84882,-1.52176,1.34422,0.1047,0.47581,0.06965,0.85322,0.22733,-1.15253,-0.82666,2.16118,0.46436,-0.36173,0.98152,0.33785,-1.52746,-0.52182,-0.36502,-0.74132,-0.54081,-0.31295,0.44774,-0.95533,-2.68461,-0.82708,1.96261,-0.13239,0.21046,0.37205,-1.14599,0.02484,0.17683,1.11552,0.64843,0.33816,-0.18148,0.63602,-1.22511,-0.25672,-0.79919,0.46049,-0.30592,0.14539,-0.68048,0.58223,-1.2395,-1.15673,-1.13128,-0.08321,0.07733,-0.9123,0.69875,-0.44934,1.06237,0.22308,-0.89252,-0.13471,0.09324,0.17325,1.83007,-0.13485,0.26553,-1.1984,-0.54533,-0.857,0.82623,-0.66992,-0.84589,-0.40748,-0.91215,0.07389
TCGA-02-0107,0.22036,-0.30777,-0.41551,-0.19012,0.05028,-0.01175,1.06971,0.23027,0.44557,0.56142,0.19305,0.64179,0.96614,2.13972,0.21525,-0.1298,1.8636,-0.37122,1.14075,1.52201,0.17183,0.37662,-1.72949,0.89157,0.67543,0.32605,-0.20898,0.12987,-0.07996,0.74441,0.09509,0.28498,-0.05121,0.33494,0.62117,0.636,0.32853,0.28026,-0.0226,1.04131,0.0968,-1.2198,-0.03036,0.86459,1.22185,0.83265,0.95621,0.56637,-0.75371,0.12458,0.0612,2.30783,0.2417,-0.55842,-0.2948,-0.09668,0.09977,0.27954,-0.574,-1.53938,0.48195,0.52677,0.29461,0.12489,1.00192,-0.4922,0.04747,-0.14059,0.61335,1.53489,0.48575,0.7014,0.33383,-0.36658,0.7416,0.03857,0.40594,-0.22371,0.54534,-0.03222,0.45981,0.26973,-0.19702,1.35887,0.7877,-0.40002,-0.12006,0.05879,-0.83937,0.11718,1.24792,-0.34052,2.8464,0.34735,1.45362,0.49014,0.47717,1.76028,0.10259
TCGA-06-0122,-0.13251,-0.65121,-0.29346,-0.38907,0.26153,-0.01142,-0.43491,-0.69624,-1.33448,-0.91451,-0.09105,0.3584,-0.33789,-0.18369,0.6553,-0.45242,-0.34446,-0.49501,-0.00083,1.08015,1.2268,-0.31084,1.44023,-0.48224,-0.35316,-0.81774,-0.3013,-1.08216,1.11313,0.5623,-0.32433,-0.65081,-0.43562,-1.18973,-0.5217,-0.01688,-0.64829,-0.09483,-0.16647,-0.1595,-0.58171,-0.54597,-0.10984,-0.64689,-0.13189,-0.29546,-0.15292,-0.11352,0.60173,-0.36249,-0.59703,0.83257,-0.46286,-0.51057,0.22697,0.1859,0.264,-0.10235,-0.66183,-0.37319,-0.82448,-0.51095,-0.50655,0.06669,-0.56575,-0.36198,0.26803,0.37822,-0.25562,0.3104,-0.16903,0.10493,-0.52294,0.46304,-0.22293,0.02347,-0.63953,-0.82704,-0.03515,0.01791,0.43031,-1.16857,-0.375,0.73153,-0.03595,-0.28034,-0.17226,-1.54047,-0.02901,-0.6901,0.66707,0.28415,-0.62751,-0.5163,-0.68095,-0.30987,0.17049,0.80142,0.75558
TCGA-06-0124,0.44514,-0.34667,0.17755,-0.5761,0.22781,-0.53603,0.06652,-0.65888,-1.27953,-0.75277,-0.1982,0.64628,0.20816,0.49875,0.61152,-0.1719,0.51458,-0.46559,1.85684,1.09253,0.80379,0.04456,0.46085,-0.20554,-0.03628,-0.53952,-0.11246,1.32805,1.14875,0.44013,-0.57266,-0.75279,0.10531,-0.4023,0.31227,0.39712,-0.72282,0.21546,-0.32418,0.01668,-0.22861,-0.15223,-0.32872,1.22281,0.26894,-0.18802,-0.15243,0.70484,0.20015,0.33588,0.65921,2.63283,-0.80847,-0.43519,-0.40053,-0.17706,0.04319,-0.86797,-0.30175,-0.03243,0.54909,0.31172,-0.20705,0.13561,0.43831,-0.92143,-0.04749,-0.46704,0.80614,0.43721,0.13061,0.61386,-0.80533,-0.30606,0.4581,0.28466,-0.2312,-0.0757,0.31389,0.10193,0.13921,-0.03884,-0.15458,0.18271,0.29205,0.23165,-0.10849,-0.23561,-0.90235,-0.3026,1.30611,0.10427,-0.66336,0.10676,-0.7364,-0.05217,-0.14225,-0.3404,0.18867
TCGA-06-0125,0.2201,0.42919,0.28522,-0.48884,0.70438,1.08769,-0.34844,-0.47512,-1.72986,-1.16701,-0.31094,-0.04146,0.51701,-0.40308,0.40191,-0.24136,-0.17169,-0.17899,-1.86081,-0.22027,0.42514,0.05674,2.96314,0.27147,0.18063,0.16287,0.36958,1.72487,1.42816,1.03791,0.58211,-0.27594,0.1697,-0.02296,0.49142,-0.18958,0.00219,-0.06794,0.1154,-0.38679,0.21626,0.39585,0.3065,0.87909,-1.14902,-0.49496,-0.62251,-0.20639,0.42267,0.35178,-1.08888,0.35321,-1.29536,-0.33288,0.15541,-0.05187,0.2881,-0.09878,0.6182,0.30307,0.82188,0.17851,0.02072,0.40079,0.37923,-0.26253,-0.14663,0.27144,0.69594,-0.00529,0.26939,-0.52552,0.89198,0.13454,-0.10801,0.29317,0.53539,-1.49967,0.92169,-0.09909,0.20308,-0.30664,-0.06087,-0.21464,-0.02524,0.02775,-0.10499,-0.28823,0.2754,-0.46336,0.21441,0.88804,-1.32094,-0.11251,-0.86708,0.30975,-0.40059,-0.55242,-0.45063
TCGA-06-0126,0.48918,0.49555,0.48431,0.1399,0.92399,0.48647,-0.23794,-0.68093,-1.63969,-1.43627,-0.33662,-0.37823,-0.83273,0.10995,0.32716,-0.13863,0.79716,0.26885,-1.80677,-0.19978,0.66419,0.08556,2.64472,-0.49748,0.44731,-0.56521,0.49312,-0.79972,1.08512,0.39271,-0.25267,0.11469,-0.02311,-0.16016,-0.33612,0.13495,0.41156,0.3152,-0.2062,0.46478,0.40176,0.42744,0.17011,0.34408,-0.71137,0.57426,0.06653,0.17217,0.40843,0.34049,-0.50153,-1.1119,-0.97142,-0.27565,0.30725,-0.25038,-0.09784,0.13747,1.74242,-0.42009,-0.25885,0.03468,-0.18712,-0.33186,-0.24188,0.02921,-0.07365,0.71327,-0.26643,-0.35081,-0.03037,0.31652,-0.12039,0.47993,-0.51587,0.23408,0.39423,-1.01128,-0.63629,-0.02826,0.49071,-0.60205,-0.09675,-0.28202,-0.57892,0.21818,-0.11096,-0.74615,0.65044,-0.75748,-0.31701,0.46755,0.00236,-0.23625,-0.58903,0.26644,-0.00884,0.21997,-0.20687
TCGA-06-0127,0.6924,-0.17216,0.81366,0.6435,0.27974,0.87664,0.15278,-1.44692,-1.17668,-0.85014,-0.06315,-0.34541,-0.56781,1.02281,0.52436,-0.57729,0.03416,-0.52135,-1.37257,-0.90853,1.11618,-0.16642,2.84934,0.07133,0.52424,-0.25413,0.33635,1.48733,1.26665,1.14402,-0.41979,0.99698,-0.07814,0.09534,-0.26565,0.25069,-0.23479,0.37407,-0.55008,1.09963,-0.08275,0.0206,-0.01115,0.59527,0.00732,0.26905,0.86108,-0.27924,-0.05816,-0.16764,-0.68064,0.6925,-0.81168,-0.4814,0.0837,-0.1767,-0.46206,0.49324,0.35019,-1.42518,-0.27941,-0.03317,-0.16755,1.0008,0.23038,0.14519,0.05157,-0.05506,0.23609,-0.60715,-0.16393,-0.35186,0.50149,0.04476,-0.18267,-0.02681,0.47974,-0.64384,-0.79326,0.0309,0.49192,-0.62173,0.16794,-0.42156,0.02283,0.17271,-0.06335,-0.67111,0.29929,-0.37694,-0.28841,-0.81609,0.94793,0.00859,-1.10226,0.28981,0.36051,-0.07863,0.11217
TCGA-06-0128,0.58329,0.18998,0.3538,0.21156,0.31171,0.30587,-0.31056,2.18289,2.10013,0.84455,0.04115,-0.54379,-0.83227,-1.24529,0.73609,0.1429,-0.70421,1.88859,-1.21795,0.03253,0.43353,0.37711,-1.61122,-0.14768,0.2876,-0.34627,0.88358,-1.58655,-1.03879,-0.81029,-0.6407,-0.15344,0.1883,0.94412,0.21953,0.26195,1.42071,-0.23661,0.74966,0.84906,-0.81495,0.69573,0.85186,-0.44833,-0.99187,0.27566,-0.22346,-0.75083,0.79209,0.41402,-1.29238,-2.34717,0.56604,0.18901,0.22401,0.27265,-0.37727,0.25528,-0.25509,0.23724,-0.57297,0.85711,0.28178,-0.70702,-0.76993,-0.0747,-0.54359,0.44077,-0.23952,0.95598,-0.16466,0.23107,0.36094,0.65052,0.00803,0.14632,0.38809,-1.38739,0.26937,0.68336,0.13304,0.36996,0.44464,-0.01679,-0.47306,-0.13753,0.04963,0.91762,-0.58764,-0.28373,0.1728,-0.6302,-0.84186,-0.01024,3.30382,-1.06607,-0.34889,1.92971,0.67194
TCGA-06-0129,0.84768,0.20964,0.52837,-0.93141,1.11525,0.52264,0.14369,2.55895,2.04645,1.23063,-0.37287,0.24921,-0.9117,0.4676,1.11903,1.1601,-1.2082,4.29772,-1.95424,-0.08028,1.02765,0.12248,0.41426,1.15281,1.23724,0.32827,0.33014,-1.312,-3.46267,-0.46515,-0.12908,-0.08555,0.77738,-0.17913,-0.94684,1.20985,0.18743,-0.35545,0.71099,1.27136,-0.77059,1.28536,0.40934,-1.54278,-0.28925,-0.15262,-0.46928,-0.28243,0.80968,1.39763,-1.4338,-3.50431,1.35105,1.68958,0.46392,0.26742,0.08468,-0.48839,-1.30131,1.24262,-1.01093,0.53235,0.17134,-0.44204,-0.19045,0.67228,0.65624,1.20161,-0.0905,-0.65995,-0.29528,0.33319,0.75756,1.23063,-0.52505,0.65062,0.95711,-1.62067,0.13105,0.0856,0.04068,-0.19382,0.19643,-0.38985,-0.22274,0.03469,-0.07232,0.74974,1.57824,-0.70027,0.01656,0.77021,-1.02395,0.56272,3.33839,-0.341,-0.07004,-0.25174,-0.29339
TCGA-06-0130,0.04177,-0.48414,-0.35774,-0.86589,-0.23034,0.6406,0.31465,0.26861,2.76642,0.99967,-0.13043,0.29089,2.30741,0.70871,1.2622,-0.28732,1.09236,-0.17629,2.42783,2.1928,-0.52357,-0.00478,-2.21344,0.64492,0.41506,-0.22299,-0.70742,0.66387,-2.36644,-0.70967,0.40207,-0.45678,-0.38591,-0.54367,0.01992,0.79151,-0.68019,-0.32716,-0.92907,1.0326,-0.2993,-1.69563,-0.54797,0.19882,0.91119,0.16415,-0.81646,-0.07387,-0.64813,0.18196,1.81151,1.30866,1.31707,-0.06382,-0.36462,0.07952,-0.04089,-1.78495,-0.45932,0.69672,-0.70533,-0.20109,-0.44881,-0.58491,0.67985,-0.87672,-0.72839,-0.56135,0.58691,0.99405,-0.08302,0.71245,-0.38558,-0.88991,1.20824,0.11702,-0.55799,-0.58281,0.42807,-0.08755,-0.63405,-0.55858,-0.10953,1.38366,0.82045,0.16252,-0.06339,-0.07858,-0.19103,0.92397,1.34497,-0.01839,0.77175,-0.28332,-0.38926,0.39563,1.68872,1.47963,-0.00324
TCGA-06-0137,0.1647,-0.11159,0.80017,-0.36541,0.60932,-0.08319,-0.08765,-0.70663,-1.47781,-1.03951,-0.15381,0.17211,1.99971,-0.05485,-0.02135,-0.40409,0.73387,-0.53378,-1.85047,-0.79634,-0.20846,0.15364,2.74976,-0.41026,-0.34398,-0.36029,0.18891,2.64168,1.44708,1.10824,-0.59916,0.54645,0.2777,0.27338,-0.05773,-0.16923,0.13257,0.55454,-0.11212,-0.20834,0.09538,0.58317,0.43467,1.20107,-1.09524,-1.2479,-0.18687,-0.61171,-0.16015,-0.01995,0.14815,-1.1044,-1.35015,-0.40028,0.39372,0.3938,0.20625,1.31824,0.64912,-1.10123,0.64604,0.07833,0.17001,0.2117,0.11611,0.4176,0.41394,0.60696,0.60554,0.1271,-0.18138,0.0756,0.69003,0.54783,-0.18084,-0.10325,0.26503,-1.10792,-0.48011,0.13473,0.56363,-0.19285,0.0127,0.64371,-0.33188,0.32238,0.10063,-0.27766,0.30131,-0.42125,-0.29152,0.49321,-0.07144,0.14524,0.01303,-0.42982,-0.86021,-1.14436,-0.15455
TCGA-06-0138,0.17353,0.29923,-0.4102,0.29627,-0.46404,-0.11674,-0.09104,2.63357,2.02199,0.95291,-0.01148,0.49471,-0.0961,1.03268,0.41928,-0.52901,0.28402,3.77962,-0.13664,0.02801,-0.76894,-0.29167,0.3748,0.19485,-0.53294,-0.17237,-0.12491,0.95963,0.93187,0.39537,0.10016,-0.22843,-0.57053,0.45821,0.4336,0.10433,0.55557,0.26536,-0.26171,0.34494,0.27454,-0.24104,-0.63293,-0.26493,-0.26282,-0.03457,-0.05019,3.73981,-0.22502,-0.32722,-0.7241,-0.31559,0.26406,0.08946,-0.01711,0.49626,-0.58924,0.33294,0.25036,-1.26485,-0.25865,0.2451,0.20618,-0.5928,0.00651,-0.33524,-0.8793,0.17768,0.03145,-0.50574,0.20221,-0.30693,0.02184,0.07754,0.01462,0.13354,-0.84263,0.6183,-0.32537,0.30679,-0.02478,-0.09207,-0.15596,0.30167,-0.00327,0.31128,0.13753,0.23456,-0.15242,0.02936,-0.02672,-0.1406,-0.01586,-0.10298,3.89064,-0.25757,0.18566,0.22665,-0.01275
TCGA-06-0143,0.60841,-0.25414,0.21925,-0.20016,0.54077,1.10142,0.06594,-0.7995,-1.56047,-1.27789,0.01658,-0.02052,1.30182,0.6139,1.10251,-0.52312,-0.37862,-0.37332,-1.6452,1.15493,0.41591,0.04488,2.44438,0.5116,0.20192,-0.89176,-0.38914,-1.5303,-0.83642,-0.32552,-0.1525,-1.10414,0.10382,-0.45666,0.2639,0.33485,-0.01444,0.59939,-0.68839,-0.14872,-0.53628,0.84152,0.14871,-0.78335,-0.08207,0.26272,-0.23671,0.86559,6.64775,0.181,-0.13591,-0.87409,-0.92781,-0.18595,0.1513,0.22975,0.34598,-0.06762,0.01402,0.83443,0.21256,-0.06851,-0.6433,0.72173,-0.39301,3.97131,-0.14504,-1.50579,-0.1973,0.31006,-0.03226,0.18923,0.07299,0.22677,-0.29021,-0.02605,0.32238,-0.98039,0.67769,-0.09414,0.16152,-0.33878,0.38727,0.40685,0.10506,-0.059,-0.20136,-0.56601,-0.35428,-0.55754,1.89894,-0.01128,-1.05922,-0.07382,-0.40776,0.43279,0.05455,0.04418,0.11337
TCGA-06-0145,0.17186,0.44438,0.06165,0.6723,0.66307,-0.25952,-0.25944,1.41312,-1.44322,-1.0522,-0.37845,0.34516,-0.86079,-0.93239,0.01806,-0.15397,0.20719,2.01384,-1.48479,0.64414,-0.35403,0.13367,3.37363,0.04924,0.24382,-0.19476,1.0714,0.51167,1.6524,0.61427,0.0802,-0.86846,-0.18282,0.21008,0.51396,0.49518,0.43778,0.32272,0.1741,0.36545,1.94987,0.26959,-0.10703,1.83202,-0.09599,0.86843,-0.14211,-0.55736,0.75151,0.82805,-1.17432,3.58911,0.01995,-0.5915,0.24839,0.2832,-0.16118,0.82416,1.13597,-1.16387,1.02942,0.11281,0.19761,-0.86587,1.16777,1.14291,-0.5984,0.03255,1.1846,-0.86426,-0.16908,0.07885,1.12202,0.6649,0.15557,0.0568,0.20286,-1.79119,-0.51496,0.19631,0.51374,-0.16847,-0.16846,0.73388,0.41738,-0.53129,0.2806,0.09853,0.21955,-0.57684,-0.11298,0.70747,-0.51615,0.60446,2.53361,0.68803,-0.46777,0.61418,0.00263
TCGA-06-0147,-0.04825,-0.5842,-0.25339,-0.29371,-0.09364,0.68509,0.43585,-0.64014,1.68076,1.42621,-0.1422,0.5077,1.36601,2.67501,0.71184,0.09031,0.62825,0.32692,4.08193,2.12085,-0.2343,-0.08739,-2.67084,0.39765,0.57492,-0.45465,-0.44356,-0.94437,0.34415,-0.34747,0.04706,-0.75149,-0.19864,-0.20886,-0.23166,0.92834,0.22033,0.1608,-0.85212,0.84641,-0.22092,-0.48577,-0.63099,1.69515,1.18817,0.45042,0.21915,0.12961,0.17087,0.07906,0.04687,-0.33884,0.75449,0.34727,-0.18614,0.18059,-0.15963,-1.05522,-0.36759,-0.99969,0.21272,-0.5817,-0.37346,-0.0056,1.17304,0.26696,-0.08719,-0.41811,1.01635,1.06478,0.20659,0.78434,-0.02636,-0.15136,0.84768,-0.12567,-0.6329,-0.3256,0.37599,0.12939,-0.20977,0.15533,-0.24117,1.11373,0.65722,-0.23516,-0.0953,-0.61657,-0.46906,-0.54777,2.44601,0.21555,0.35454,-0.55556,-0.88728,0.19152,0.78164,0.60402,0.42033
TCGA-06-0148,0.32498,-0.05869,0.22246,-0.17106,-0.05365,0.66506,0.10211,-0.69695,-1.38626,-0.84312,0.48653,1.15691,0.48528,-0.62862,-0.00504,-0.61513,0.34214,-0.40925,-0.79716,-0.25266,0.43608,-0.67992,3.2849,0.26708,-0.71974,0.04799,0.06309,1.50971,0.38164,0.7111,-0.75797,-0.35351,0.00618,-0.86653,0.05788,0.30408,-0.62223,0.25705,-0.58725,-0.75856,-0.24691,-0.10398,0.22775,1.33392,-0.74624,-0.7714,-0.84288,0.40142,0.67477,-0.35495,-0.39509,1.46609,-1.26229,-0.40159,0.03703,0.35295,-0.04074,-1.14595,0.81596,-1.20099,0.41921,-0.44034,-0.36838,1.14371,0.10931,-0.7323,0.594,0.55308,0.20247,0.3451,0.1383,0.28045,-0.52528,0.53027,0.34223,-0.11815,-0.34193,-0.83893,0.89025,-0.02419,0.16617,-0.36991,-0.18862,-0.46992,-0.19613,0.04443,0.1904,-0.61979,0.17498,0.0309,0.10797,0.40383,-0.91188,-0.53666,-0.8618,0.32471,-0.15558,-0.54451,0.181
TCGA-06-0154,-0.41237,-0.39851,-0.20402,0.4174,-0.24052,-0.42095,-0.47765,-0.46945,-1.17531,-0.35168,0.09108,0.3482,0.23138,-0.64433,-0.00507,-0.33549,0.42538,-0.17347,-1.12134,0.47557,0.25057,-0.70354,2.15542,0.34612,-0.92666,0.29771,-0.57613,0.7799,0.70907,-0.65074,0.25524,-0.75546,-0.80348,-0.66038,0.87071,-0.40763,-0.24466,-0.49714,-1.14804,-0.29704,-0.32889,-0.59215,-0.35091,0.06179,0.3469,-1.03122,-0.61437,0.02868,1.03574,-0.64221,0.14798,-0.60404,-0.37902,-0.21844,0.02741,0.1651,-0.14177,-1.23692,-0.16133,-0.51155,2.4647,0.34737,-0.72807,1.22667,0.47632,-0.52289,0.38389,-0.44723,0.90181,-0.10512,0.2579,0.47198,-0.935,-0.40009,0.11146,0.38476,-1.29727,0.85021,0.69297,-0.43515,-0.51556,0.15707,-0.12232,-0.27674,0.06968,0.08526,0.07587,-0.62243,-0.12095,-0.16535,1.30425,-0.05955,-1.30595,-0.71536,-0.36437,-0.09894,0.29266,0.64079,0.10529
TCGA-06-0157,0.01896,0.33127,-0.39641,0.1521,0.30856,-0.35191,-0.34481,2.35588,1.95788,0.65832,0.18162,0.28308,-0.66181,-0.85247,0.56925,-0.22955,-0.55976,3.06847,-1.48032,0.14868,-0.65044,0.27253,2.15447,-0.21947,0.37586,-0.26743,1.11171,0.63338,0.70648,1.14691,-0.13315,0.82217,0.35538,-0.06511,-0.05644,-0.08727,0.48319,0.7207,0.5587,-0.2394,0.63256,0.7048,0.05468,0.24386,-0.30448,1.41505,0.10735,-0.838,7.12785,0.08526,-1.05784,-0.63605,0.45303,0.05801,0.12562,0.04455,-0.17055,0.50716,0.84177,-1.02087,-0.77808,0.56135,0.44745,-0.78987,1.1585,5.88921,-0.56669,0.02467,0.08468,-0.74742,0.08363,-0.57011,-0.13462,0.43293,0.18483,0.14104,0.29554,-0.57183,-0.22728,-0.12181,0.38524,-0.0322,-0.1103,-0.15093,-0.02154,-0.11467,-0.02757,-0.00258,-0.32436,-0.0171,-0.266,0.54189,-0.52114,0.19796,2.76663,0.47954,-0.36367,0.25882,0.02653
TCGA-06-0158,0.3333,0.11853,0.25909,0.47184,0.71537,0.41062,0.14251,-0.64197,-1.31014,-0.92397,-0.05599,0.10676,0.76435,-1.27689,-0.13325,0.33436,0.71142,-0.36706,-1.55035,-0.15013,0.29596,0.30099,2.78701,0.58414,0.54021,-0.55187,0.67002,1.23433,0.58555,1.17722,-0.19932,0.22213,0.27531,-0.28183,0.41731,0.8309,0.61807,0.31035,0.23194,-0.03193,0.56823,0.17485,0.23906,0.23205,0.09362,0.7675,1.16403,-1.0591,-0.06697,0.86796,-0.74706,1.05031,-0.66628,-0.29847,0.36185,0.13215,0.06365,1.20722,0.53051,0.27419,0.70639,0.78848,0.70953,-0.09886,1.0403,0.18833,-0.15948,-0.92048,0.9159,0.35653,0.00384,0.1336,1.04053,0.66114,-0.0185,0.16934,0.4341,-0.30241,0.2793,0.07347,0.69739,-0.27423,-0.15839,0.34959,0.43701,-0.18534,-0.29264,-0.03077,0.55909,-0.28236,-0.03033,0.41366,0.1236,0.5222,-0.84737,0.80159,-0.2982,0.00673,-0.12397
TCGA-06-0160,0.93952,0.34465,0.26763,0.38536,0.48934,1.63664,1.14031,-1.98482,-0.89313,-0.19027,-0.28208,0.00744,-1.03894,-0.10485,0.03728,0.71721,-0.74379,-0.87432,-0.58009,-1.11344,-0.22652,0.024,-1.71041,-0.13083,-0.06467,1.10085,0.77212,-0.81834,-0.94527,0.86206,0.07967,3.11067,0.24923,0.69011,-0.2589,0.60092,-0.24048,1.67181,0.69467,-0.22703,0.63903,1.23526,0.62276,-0.75703,0.52713,1.09179,2.29634,-0.85332,-0.59598,0.17628,0.16986,-0.57312,-0.12792,-0.50908,0.24663,0.46786,0.03233,0.18093,0.77522,-0.52333,-1.00E-05,0.24846,0.55127,1.25671,0.86454,1.06602,-0.11432,1.10823,0.33616,0.58098,0.25755,0.5373,1.62218,-0.78138,-1.28293,-0.31563,0.66508,1.30079,-0.73229,-0.10304,1.21624,-0.63048,-0.19753,0.13664,-0.23694,-0.12919,0.27079,0.90085,-1.34938,-0.18117,-0.9947,-1.74952,2.20148,0.54677,-0.73786,-0.3741,-0.34805,-0.75543,-0.31439
TCGA-06-0166,-0.51968,0.00031,-0.14845,-0.04853,-0.04331,-0.10179,-0.33748,-0.00133,-1.17153,-0.47905,0.20236,-0.39871,-0.19343,-0.07925,-0.68404,0.34476,-0.32187,-0.06441,1.90248,-0.20935,-0.69371,-0.15728,-1.95646,-0.18228,0.21966,-0.23361,-0.37774,0.1525,-0.53173,-0.10588,-0.1785,-0.29271,-0.364,0.24722,-0.07724,-0.24252,0.8889,-0.81525,-0.28326,-0.47381,0.07577,-0.27181,-0.06849,0.06376,0.30411,-0.24386,0.67111,-0.45449,-0.60491,-0.34155,-0.06251,-0.81784,0.51904,0.51719,-0.6436,0.06333,-0.05093,-0.07828,0.19506,2.69161,0.01829,-0.27621,-0.43121,-0.03845,-0.25985,0.34771,-0.09556,-0.16234,-0.39426,-0.35927,0.08647,0.12175,0.22793,0.01209,0.03495,0.11818,-0.47949,0.67646,0.09008,-0.64053,-0.29304,-0.41856,-0.09275,-0.89455,0.17655,-0.09915,-0.10508,0.12351,1.04837,0.13604,0.20668,0.34403,1.88435,-0.40195,-0.34766,-0.53452,-0.03427,-0.02203,-0.01384
TCGA-06-0167,0.94675,0.45288,1.05606,0.46314,0.20028,2.29953,1.25646,-2.00658,-1.06599,-0.36314,-0.38027,-0.11364,-1.01366,-0.37082,-0.11376,0.525,-0.86251,-0.9329,-0.83651,-1.19822,-0.26005,-0.08929,-2.26883,-0.29133,-0.11784,1.30828,0.42932,-0.66259,-0.34166,0.79147,-0.04223,3.52503,0.67906,0.69341,-0.67671,0.37895,-0.19814,1.42092,0.46424,0.14846,0.0843,1.26023,0.51214,-1.09596,1.0094,0.7203,1.84843,-0.86712,-0.75981,-0.07263,0.6798,-0.11153,-0.16008,-0.22878,0.25434,0.4466,0.31171,0.56567,0.84537,-0.17721,0.26782,0.33749,0.37794,1.08124,0.91823,0.94481,-0.37547,0.84873,0.20711,0.44024,0.30304,0.61909,1.12388,-0.93811,-0.98619,-0.3857,0.57398,1.01211,-0.6544,-0.23513,0.97585,-0.4353,-0.10742,0.11936,-0.28672,0.29958,0.08664,1.00349,-1.35734,-0.31899,-0.8924,-1.84034,2.14951,0.10514,-0.4579,-0.37446,-0.11548,0.16388,-0.05782
TCGA-06-0168,-0.14253,0.04348,-0.45333,-0.11981,0.06929,0.55928,0.36818,-0.59274,1.50463,0.80805,0.04421,0.09878,-0.55767,-0.00541,-1.08563,0.20244,-0.29194,-0.76157,-1.29205,1.13468,-0.72376,-0.25534,-0.75095,0.30696,0.29619,1.15117,0.17083,-1.30319,-0.05072,0.01211,0.15849,1.07593,-0.22574,0.30325,0.38897,0.41054,-0.03007,0.41155,-0.2486,0.13268,0.97641,-0.19435,-0.01066,0.24317,0.56069,1.33976,0.45411,-0.25781,-0.34321,0.433,0.30393,-0.13698,0.52876,-0.00445,0.22705,0.25742,0.0569,0.33152,0.16704,-0.29048,0.38647,-0.07344,0.07835,0.11568,1.22144,-0.19194,-0.18722,0.7741,0.30231,-0.06072,0.15343,0.533,0.04941,0.19598,0.32757,-0.11828,-0.13427,0.13816,0.24184,0.06595,0.49688,0.00598,-0.04748,0.43385,0.14486,0.06376,0.07919,-0.40254,-0.45001,0.03882,0.83298,0.25546,1.44497,0.32182,-0.74567,0.39279,-0.23827,0.12999,0.16846
TCGA-06-0171,-0.49565,0.44677,0.06298,0.39316,-0.74692,0.04736,0.02321,-0.33359,-0.90986,-0.35311,0.12026,-0.21632,-0.41024,0.77081,-0.14627,0.02876,-0.13004,-0.31815,-1.32317,-0.08822,-0.4854,-0.39844,-1.63539,0.11028,-0.20007,-0.33166,0.09551,-1.3405,0.35039,1.22632,0.03724,0.00155,-0.44893,-0.09859,-0.01132,-0.53983,0.42017,-0.08171,0.39707,0.47012,0.11485,-0.87675,0.02025,-0.58398,0.13104,-0.32434,0.40707,-0.20863,-0.60299,-0.75274,-0.76025,-1.98854,-0.55153,-0.27618,-0.04326,0.18956,0.20493,1.11071,-0.28027,0.53923,-0.18677,0.67253,0.16816,-0.68928,-0.34602,-0.61622,-0.12245,0.47814,-0.12348,-0.13125,-0.11221,0.09026,-0.24652,0.26189,0.71505,0.46882,-0.56752,0.59873,-0.30339,0.76511,0.12846,0.40162,-0.1032,0.18643,-0.17066,0.18471,-0.04622,-0.10739,0.14782,0.12864,-0.27765,-0.13975,0.31749,-0.59811,0.21123,-0.58171,0.50688,0.22921,0.01073
TCGA-06-0173,0.07363,0.01947,-0.28706,0.06738,0.27856,-0.18688,0.14518,2.78732,1.11873,0.78021,-0.06991,0.30661,-0.21039,1.25593,-0.49263,0.28145,0.42301,0.57294,-0.02373,0.04185,-0.66684,0.1711,2.74306,0.32851,-0.26748,-0.19406,0.44857,-1.16016,0.99069,1.08431,-0.58173,0.07584,0.21077,0.14048,0.799,0.3233,0.45481,0.00618,0.67721,0.40578,0.62729,0.52612,0.08528,-0.32781,0.50647,-0.09243,0.98127,5.15902,-0.49246,0.40682,-0.3743,1.18956,0.50632,0.57916,0.35673,0.40468,0.30787,-0.31733,-0.1744,0.4036,0.93792,0.73644,0.62687,0.23164,0.49974,0.11222,-0.45961,-0.07951,0.10806,0.5749,0.42231,0.12138,0.33797,0.5672,0.90959,0.20386,-0.1317,-0.37398,0.28632,0.04714,0.56091,0.06693,-0.26434,1.37864,-0.05361,-0.1141,-0.124,0.41954,0.07271,0.23742,-0.16928,1.1021,0.75437,0.61306,3.44259,0.10724,0.48332,0.28941,0.00554
TCGA-06-0174,0.04584,0.20553,0.16944,0.03715,0.44853,-0.17222,-0.61711,2.64782,2.34907,1.13112,0.08989,0.63792,-0.70957,3.39193,-0.42025,0.26687,0.01856,2.90308,-1.55333,-0.595,-0.60474,0.20657,-1.12712,0.08159,-0.16123,0.22335,0.16796,-1.0173,1.58109,-0.03194,-0.49284,-0.3232,0.36877,0.24124,0.30208,0.16813,0.18316,-0.11344,1.205,-0.48039,-0.32103,1.43187,0.42769,-1.20226,-0.32214,-0.4881,0.05422,5.51374,-0.49322,0.08346,-0.87215,-0.22132,0.74157,1.20451,0.23645,0.41576,0.27584,-0.04923,0.19017,3.64661,0.3035,0.58771,0.10625,-0.17106,-0.57789,0.48337,0.02436,0.48392,-0.10717,-0.08731,0.10371,-0.11581,0.47099,0.76739,-0.37182,0.18576,0.28218,-0.14326,0.25244,0.30178,0.23787,0.1248,0.18794,0.24782,-0.03738,0.05882,-0.13382,1.09609,0.65331,-0.12962,-0.58101,0.08254,-0.43365,0.60134,3.63588,-0.53416,-0.25796,-0.32747,-0.14205
TCGA-06-0176,0.37605,-0.57853,-0.2634,0.1597,-0.15587,-0.33311,-0.03933,-0.07715,2.52777,0.94837,0.12324,0.30061,2.08228,0.03182,0.56708,0.01104,-0.3579,-0.26537,4.42874,0.55867,-0.10175,0.91544,-0.90524,0.60837,-0.39967,-0.19663,-0.56126,0.92164,-1.0097,0.25252,-0.11086,0.04002,0.19539,0.19937,0.15263,-0.11946,0.3044,-0.07402,0.04693,-0.08356,-0.09695,-0.38024,0.32384,-0.74896,0.72135,-0.27022,-0.02898,-0.95054,-0.52484,0.40325,1.2539,1.31999,0.8751,0.12137,-0.15105,0.17692,0.3332,-1.51793,-0.5683,-0.06218,1.09423,0.51672,-0.15471,0.80401,0.27256,-1.13558,-0.31811,-0.53457,1.5506,-0.69123,0.19923,-0.44696,-0.25579,-0.40318,1.59785,-0.65568,-0.43065,0.63098,1.21637,0.24032,-0.25691,-0.05855,-0.09474,0.38319,-0.09842,-0.37403,-0.17519,0.24137,-0.38431,-0.14992,1.11999,-1.21783,1.7124,0.76437,-1.33572,0.22401,0.4659,0.14952,-0.05803
TCGA-06-0178,-0.76514,-0.45316,-0.13282,0.00194,-1.70634,-0.33929,-0.45341,2.174,1.52193,0.05573,0.04368,-0.30494,-0.70714,-0.67252,0.73662,0.03165,-1.05525,1.29908,0.42637,-1.43808,-0.83841,-0.68521,-1.63865,-0.31054,-1.5571,-0.1081,-0.45361,-1.29384,-2.08788,-0.66451,-0.39702,-0.34707,-0.93001,0.67042,-0.31549,-2.10078,-0.38404,-1.80681,0.34917,0.56797,-0.45308,-1.10422,0.11853,-1.22981,-0.29047,-1.37056,-0.35568,-0.46202,-0.54433,-0.75696,-0.72288,-2.51164,-0.20167,-0.05682,-0.10519,0.33456,-0.49618,-0.48233,-0.728,-0.03586,-0.17731,-0.16572,-0.2996,-0.70249,-1.09907,-0.42512,-1.05315,-0.48316,-0.39963,-0.38609,-0.03248,-0.36294,-1.36669,-0.57198,1.3756,0.29016,-1.05503,0.89559,0.02396,-0.23877,-1.1765,0.31943,-0.04018,-0.84648,-0.12989,0.09332,0.36628,1.02186,1.35262,0.38738,-0.92548,-0.08406,-0.37224,-1.22188,3.10872,-1.37537,-0.24192,0.25247,-0.10229
TCGA-06-0184,-0.51594,0.5495,-0.21795,0.8361,-0.631,-0.16529,0.31449,-0.8685,3.12477,2.46509,0.0203,0.11672,-0.6874,1.75565,0.11905,-0.02728,0.69258,-0.68047,2.87761,0.56838,-0.92663,-0.16388,-0.38489,0.15109,0.13305,-0.64413,-0.09708,0.23597,-0.00648,-0.47509,0.20886,0.22346,-0.19579,-0.1301,-0.31614,-0.39143,-0.09526,-0.79452,-0.60697,0.79003,-0.286,-0.80605,0.01631,0.38206,0.57776,0.56363,0.88372,-0.2022,-0.72768,-0.13054,1.12138,0.04612,0.57002,-0.39478,-0.49371,0.11416,-0.25829,-0.75342,-0.12149,-0.96466,-0.32865,-0.13328,0.05211,-0.17703,-0.2993,-0.32552,0.51019,-0.01836,-0.12658,-0.10889,-0.02125,0.25858,0.14897,-0.13956,0.20167,0.28209,-0.47731,0.05553,-0.02353,-0.28087,0.17495,-0.41102,-0.04089,0.86633,0.25649,0.01043,0.08155,-0.62065,0.30901,0.18377,-0.1798,-0.08536,1.38139,-0.92972,-0.91236,-0.1932,0.36402,0.79752,-0.06156
TCGA-06-0185,-0.24339,-0.11598,-0.22531,0.03832,-0.75318,-0.66393,0.28548,-0.23085,-1.10476,-0.36645,-0.25928,-0.09158,-0.38294,-0.96076,-0.81739,-0.4155,-0.11182,-0.55138,-1.5544,-1.06398,-0.9523,-0.32995,2.11908,0.26911,-0.70382,-0.41604,0.1754,1.24298,0.21947,1.38679,-0.5033,-0.19876,-0.75554,-0.28575,0.13807,-0.96239,-0.19929,-0.50579,0.15993,0.57966,0.06265,-1.30922,-0.32338,-0.32042,-0.56666,-0.33465,-0.04535,-0.82856,0.22827,-0.36526,-0.61985,-0.59194,-0.65471,-0.34835,-0.12049,0.32863,-0.4297,1.03664,0.01352,-1.2549,0.11077,-0.28324,-0.07766,-0.72062,-0.53639,0.01141,-0.91452,0.30964,-0.28825,0.20935,-0.08485,-0.26611,-0.14133,-0.38059,0.50594,0.31248,-0.37139,1.04453,-0.37012,-0.39213,-0.27305,-0.01111,-0.58735,-1.27924,0.18638,0.57119,-0.07881,-0.10819,0.29141,0.12904,-0.67063,0.15233,-0.20315,-0.33732,0.00445,-0.8369,-0.25186,0.11673,-0.14225
TCGA-06-0187,-0.87544,-0.21196,-0.64126,0.06151,-0.18768,-0.3043,-0.60325,-0.26842,-1.29229,-0.71104,-0.19633,0.0464,0.01292,-0.84492,-0.74255,0.14895,0.11627,-0.3491,-1.48038,0.28535,-0.40224,-0.41853,3.83743,-0.36514,-0.47653,-0.58049,-0.11096,-1.36927,0.24079,-0.10236,0.09749,-0.56788,-1.09019,-0.83133,-0.36412,-0.34258,-0.38331,0.01931,-0.63455,-0.27254,-0.16577,-0.79598,-0.38953,0.42678,-0.21774,0.40887,-0.82632,4.54183,-0.79826,-0.36662,-0.74593,-1.85944,-0.84085,-0.25673,-0.02931,0.25971,-0.43929,-0.4408,-0.28751,-2.97163,0.0617,-0.65875,-0.50809,0.03727,-0.28004,-0.01683,-0.13491,0.87424,-0.45085,-0.80858,-0.09355,0.33063,-0.00579,0.05834,-0.6298,0.60077,-0.91097,-0.75805,-0.11156,-0.64276,-0.06038,-1.28249,-0.10561,-0.92677,0.09989,-0.08087,0.08309,-0.80927,0.69992,-0.0546,0.55216,0.41059,-1.20024,-0.79343,-0.39103,-0.09759,-0.0228,0.3742,-0.06302
TCGA-06-0188,0.34586,0.39761,-0.40566,0.30967,0.38855,0.3316,0.35997,-0.49013,-1.27622,-0.94775,-0.22776,-0.13799,-0.10538,0.47507,-0.1203,0.37244,0.13745,-0.47971,-1.31239,0.00014,0.19641,0.33788,-0.35997,0.56365,0.91559,0.77052,0.31975,-1.47577,-1.92334,1.48249,-0.25988,2.44664,-0.17685,0.50723,-0.24039,0.95229,0.62167,0.37187,0.63241,0.11702,1.14508,0.66624,0.31246,0.78114,-0.17702,1.85461,1.52239,-0.49759,-0.35204,0.77957,-0.17995,1.132,0.27798,0.15848,0.4008,0.21175,0.05852,1.64547,0.66641,1.44165,0.27228,0.46339,0.63579,0.27103,1.25089,0.37947,0.30687,0.5795,0.30226,-0.0222,0.15999,0.79255,0.92122,0.8678,-0.30057,-0.191,0.60848,-0.48944,-0.03826,0.11703,0.70951,-0.43813,-0.15962,-0.34844,-0.03148,-0.28558,-0.17514,0.32144,0.39844,-0.54149,-0.14668,-0.40474,0.86419,1.18704,-0.54155,0.78876,0.07034,-0.18933,0.066
TCGA-06-0189,-0.10471,-0.08959,-0.18629,0.80888,-0.74451,-0.84257,0.49622,-0.90253,1.96035,1.49321,0.40279,0.32746,0.86031,0.53561,-0.29388,-0.78911,0.71567,-0.24194,2.88662,0.88607,-0.94595,-0.12657,-1.11158,0.42786,-1.02052,-0.15348,-0.18322,-0.85273,0.95464,-0.03903,0.03569,0.38037,-0.28983,0.09579,0.76852,0.261,-0.27628,-0.62835,-0.54005,0.15972,-0.16115,-0.77417,-0.19209,1.45471,0.91491,-0.08119,-0.74077,-0.75975,-0.41139,-0.16932,-0.00515,1.65653,0.49169,-0.15609,-0.73417,0.15937,0.14288,-0.52228,-0.27445,-0.7422,0.34567,-0.13342,0.18162,-0.74616,1.38113,-0.39819,0.05819,-0.67588,0.86129,0.41648,0.13688,0.38748,0.26086,-0.60742,0.70112,-0.08358,-0.85714,0.69779,0.20361,0.51665,-0.0235,0.16542,-0.18824,0.8954,-0.0519,0.01287,-0.10902,0.3033,-0.04492,0.43843,0.08996,0.30402,0.74226,0.33595,-1.19081,-0.10724,1.65946,1.67794,0.94909
TCGA-06-0190,0.40138,-0.31599,-0.25684,0.54647,0.18388,-0.25799,0.28704,-0.52749,1.11539,0.17347,0.11804,0.62109,1.43693,1.33741,-0.13014,-0.14098,1.51405,-0.39172,-0.3653,1.0039,0.33052,0.42357,-1.69502,0.81941,-0.20974,-0.33465,-0.37857,1.5682,0.88715,0.17237,0.05642,-0.73761,-0.10774,-0.12532,0.55319,0.13859,-0.65334,0.0699,-0.10998,0.44628,0.21571,-0.01688,-0.01419,0.72899,1.13334,0.21686,0.28721,0.28826,-0.15887,0.65328,0.89683,2.42128,0.39954,-0.01996,-0.20022,0.14109,0.22336,-0.44478,0.43224,0.0547,1.42817,0.22475,0.23802,-0.00276,0.88639,-0.80941,0.17673,-0.59733,0.99176,0.44487,0.17633,0.63492,0.40425,-0.21638,0.8822,-0.32579,0.02377,1.30731,0.56089,0.02371,0.20065,-0.07939,-0.17363,0.78109,0.3568,-0.56155,-0.18589,0.2106,0.2729,0.20222,1.05663,0.20779,1.40875,0.13894,-0.60668,0.13385,0.67268,0.60202,0.19479
TCGA-06-0197,-0.3205,-0.33069,-0.15807,0.57862,-0.53016,-0.6737,0.92458,-0.38392,3.25036,2.29243,0.12709,0.52067,-0.70417,0.74246,-0.75585,-0.42989,0.06039,-0.12517,0.23861,1.25467,-0.61717,0.79442,-1.54154,-0.42142,-0.10892,-0.45799,0.27532,-0.14233,0.28008,0.38503,0.89918,-0.21635,0.11941,0.65088,0.85387,0.0628,-1.20889,-0.21106,-0.0975,1.06324,-0.12746,-0.2768,0.40668,-0.24937,1.00624,1.02084,-0.49268,-0.71601,-0.75392,0.29477,1.15173,1.71073,0.67198,-0.25312,-0.61757,0.21582,1.05281,-0.34586,0.24893,-1.38716,-0.05175,0.56811,0.51888,-0.59532,0.99852,-1.40307,0.01265,-0.76753,0.63223,-0.25875,-0.20016,0.09093,-0.74276,-0.32381,1.69966,0.40044,-0.2406,0.83076,0.40103,0.51133,0.33232,0.68229,-0.09631,1.28459,0.18345,0.31587,0.0469,0.7306,-0.73959,0.35187,1.05776,0.04854,1.4742,0.73013,-0.71769,0.19392,0.6904,0.68391,0.44504
TCGA-06-0208,0.29601,0.91437,0.05417,0.36816,-0.30384,-0.3616,0.15411,-0.42887,-1.08938,-0.43642,0.07596,-0.20705,-0.68389,-0.11869,0.1695,-0.39566,-0.01182,-0.11161,-1.17498,-0.83414,-0.95117,0.93085,2.34575,0.40607,-0.33995,0.68497,0.35602,0.95744,1.34645,1.44224,-0.39213,-0.13517,-0.35633,1.83967,0.83081,-0.5562,0.50819,-0.11253,1.35477,1.38174,1.12122,-0.17697,0.56744,1.03,0.40095,0.22873,0.40751,-0.24501,-0.21426,0.47829,-0.68209,0.85923,-0.88088,-0.25204,-0.37651,0.4296,0.33754,0.60334,0.84189,-0.39507,0.39398,1.19739,0.7775,-0.48216,-0.69386,-0.30545,-0.48799,0.15917,-0.06139,-0.23044,-0.16559,0.3535,0.46903,0.11019,1.02754,0.72231,0.03748,1.20604,-0.35214,1.14949,0.49444,0.44183,-0.3902,0.3195,0.15082,-0.69951,0.11738,0.96635,0.49006,0.34825,-0.53832,-0.82424,1.9252,0.46098,0.50624,-0.10202,0.25464,2.30806,0.08075
TCGA-06-0210,-0.01336,0.15472,-0.09947,0.88883,-0.24295,-0.24194,0.02912,-0.52512,-1.19568,-0.8749,0.09612,0.03636,0.51334,-0.16484,0.22691,-0.57661,-0.46567,-0.27873,0.63206,0.70393,-0.25927,0.58234,-1.33566,0.21233,-0.4937,0.15134,-0.32454,0.84411,0.433,0.31156,-0.48067,-0.51587,0.01895,0.24901,0.2683,-0.01256,0.04995,0.04076,0.14223,0.16274,0.43793,0.08277,0.18893,-0.25151,0.68888,-0.54135,0.23032,-0.3996,4.86608,0.24592,0.30122,0.68904,-0.87309,-0.33067,-0.34805,0.11209,0.51453,-0.43384,-0.79724,0.27833,0.64144,0.47402,0.31319,0.46069,-0.73291,1.74005,-0.51664,-0.5941,0.62039,-0.106,0.15042,0.12387,-0.85082,0.03951,0.58599,0.31736,-0.26183,-1.29479,0.00088,0.38663,0.85952,-0.0368,-0.05464,-0.09979,0.01146,0.51739,-0.01554,0.29621,-0.33902,-0.1985,0.91469,0.37642,-0.92394,0.95083,0.06039,-0.28535,0.3531,1.20454,0.22209
TCGA-06-0211,0.10601,1.42592,-0.07241,0.30455,-0.15991,-0.55184,-0.29868,0.20536,-1.32273,-0.51935,0.03262,0.28317,-0.51429,-1.46463,-0.56252,-0.20516,-0.31845,-0.14998,-1.49798,-0.98123,-0.6038,-0.19513,1.68275,-0.44811,-0.26928,0.11038,0.06004,-0.02641,1.43915,0.32136,0.00109,0.0954,-0.44442,0.26684,0.56712,-0.47741,0.02898,-0.24254,0.12263,-0.04335,0.43328,-0.77322,0.10664,-0.38578,-0.59694,-0.50756,-0.51462,-0.95838,-0.62719,0.01377,-0.92897,0.86645,-0.91555,-0.28827,-0.01304,0.37687,0.10131,-0.37508,-0.05752,1.7664,-0.46833,0.4146,0.44231,-0.69697,-0.33039,0.23762,0.43713,-0.47927,-0.30159,-0.74198,-0.03507,0.06727,-1.12607,0.16667,0.18649,0.48096,-0.20407,0.78514,-0.20182,-0.06787,-0.05919,0.41002,-0.09491,0.07039,-0.22284,0.12532,-0.05203,0.18997,0.73381,0.14119,-0.72483,0.78948,-0.56952,-0.21014,-0.15179,-0.64123,-0.45781,-0.64057,-0.07469
TCGA-06-0214,-0.64798,0.38842,-0.28777,0.02405,-0.40132,-0.16356,-0.05358,0.09659,-0.6358,-0.23023,0.19229,0.23674,-0.76565,1.06882,-0.23564,0.2489,-0.21107,-0.15775,-0.53761,-0.44273,-0.1103,-0.0724,1.12052,0.11201,0.34769,-0.00464,-0.2956,-0.1054,-0.04956,0.16159,-0.38574,0.33184,-0.57567,-0.74087,-0.17704,0.13749,0.08189,-0.59349,-0.62114,0.60192,-0.21651,-0.78184,-0.06087,-0.24064,0.58889,0.23262,1.27464,0.49531,-0.58974,-0.36921,-0.47282,0.73503,-0.28919,-0.26617,0.0394,0.06436,-0.20901,-0.23776,0.12028,2.54279,-0.16573,-0.15798,-0.09815,0.25602,-0.14884,0.95428,-0.25534,0.51792,-0.23977,-0.02844,0.18086,-0.28071,0.38047,0.21392,0.26401,0.33384,-0.44562,0.48817,0.44346,-0.36089,-0.01218,-0.33876,-0.07288,0.5134,-0.03928,0.0331,-0.07965,-0.34292,0.39,0.21584,-0.07613,0.09848,0.71362,-0.23399,0.275,-0.50863,-0.0329,-0.16051,-0.14795
TCGA-06-0221,0.17687,0.41992,0.3989,0.68606,-1.25485,-0.33492,0.35807,1.31528,0.67306,0.06272,0.14767,0.27339,-0.83958,0.12897,0.36386,-0.44457,-1.06398,-0.19526,0.8933,-0.76527,-0.79616,-0.17099,-2.13569,-0.43146,-0.70572,0.27701,-0.29554,-1.15633,-1.25277,-0.91588,-0.04373,0.60845,-0.47743,0.95232,-0.00741,-0.99334,-0.03652,-0.73086,1.03728,1.39821,-0.27125,-0.24321,0.32343,-1.5874,-0.20362,-0.54259,0.22791,-0.46885,-0.89327,0.09869,-0.71328,-2.46588,-0.0751,0.4014,-0.0388,0.36729,-0.05781,0.12473,-0.52333,1.75722,-0.4349,0.75627,-0.20485,-0.61168,-1.04164,-0.88142,-0.85581,-0.31393,-0.17519,0.21525,-0.02944,-0.1103,0.04869,-0.69767,0.27206,0.55083,-0.29495,1.41399,-0.38598,0.73846,-0.43357,0.59938,-0.10453,-0.1594,-0.33695,0.29832,0.41913,1.59518,0.704,0.41406,-0.86111,-1.68828,0.48427,-0.23732,1.32635,-0.94804,-0.08836,1.04837,0.48248
TCGA-06-0237,-0.17633,0.54086,-0.28218,0.25392,-0.54536,-0.60575,0.27593,-0.11492,-0.19068,0.47403,0.01872,0.0728,-0.69648,-0.8753,-0.12506,-0.30183,-1.43597,-0.53212,-1.12763,-0.63969,-0.829,0.07986,1.47624,0.46846,-0.48015,0.13737,0.39229,-1.10987,0.19392,1.24065,-0.39239,1.26479,-0.08372,0.45292,0.57162,-0.5119,-0.0793,-0.60651,0.77833,0.64163,0.93681,0.26932,0.33185,-1.19077,-0.53579,0.94133,0.24918,-1.10745,-0.46964,0.00174,-0.60225,0.80514,-0.13043,-0.06485,0.01172,0.51629,-0.12136,1.70846,0.41558,-0.2046,-0.41111,0.39516,0.40553,-0.92234,-0.3203,-0.20415,-0.60004,-0.22583,-0.34814,-0.70051,-0.1418,-0.03388,-1.39612,0.90194,1.05365,0.41123,-0.07238,0.15033,-0.70415,0.48009,0.09323,0.53044,-0.06257,-0.88411,-0.03264,-0.03455,0.10208,0.72573,0.33731,0.32918,-0.79663,-0.26063,-0.15016,0.01551,-0.1168,-0.07597,-0.02719,0.22577,-0.21986
TCGA-06-0238,-0.50086,0.05007,0.05336,-0.00932,-0.39983,-0.2998,-0.57125,1.92805,1.85382,0.35331,0.25766,0.15666,-0.50897,0.20906,-0.1125,-0.44286,-0.69736,0.93275,-1.30559,-0.68779,-0.42355,-0.42061,-2.65149,0.25119,0.17478,0.49813,-0.27729,-0.6964,0.2267,-0.41241,-0.30453,0.75749,-0.15574,-0.15422,-0.47881,-0.67577,-0.04757,-0.87548,0.36325,0.3326,0.05411,0.07229,-0.16852,-1.41996,-0.15578,-0.7043,-0.00683,-0.49237,-0.44584,-0.72569,-0.44015,-0.48012,0.18913,0.73056,-0.31558,-0.2225,-0.57473,-0.18995,-0.23924,-0.21393,-0.46099,-0.80577,-0.55797,-1.34424,-0.68671,0.02089,-0.69432,-0.27583,-0.28201,-0.60937,-0.14151,-0.6679,-0.22979,0.07679,-0.07492,0.07394,-0.25514,-0.09966,-0.94379,-0.07701,-0.09137,0.20549,0.14112,-0.72012,0.31298,-0.16251,-0.01877,0.93827,-0.1602,0.48439,-0.45536,-0.23188,-0.28628,-0.71349,2.08718,-0.62602,0.18866,0.00911,0.02729
TCGA-06-0241,-0.26612,0.38962,-0.21474,0.05357,0.22468,-0.6122,0.0089,0.23366,-1.01783,-0.66933,-0.19796,-0.10013,-0.65624,0.74733,-0.51221,0.28293,-0.3283,-0.29372,-0.69721,-0.23337,-0.64562,0.17362,-3.01357,0.47487,0.02567,-0.61143,0.1817,-1.3658,0.35613,-2.00354,-0.53156,-0.27578,-0.12053,1.02664,0.53696,-0.05337,0.46755,-0.34146,1.17645,-0.11129,-0.31695,0.432,0.37599,-1.42774,-0.31575,-1.01614,-0.37526,-0.24395,-0.38409,0.51787,-0.71242,-2.39099,-0.05374,0.57983,0.12902,0.3375,0.46099,0.24655,0.39793,3.55976,0.21234,0.65962,0.35895,-0.47045,-0.77202,1.22042,0.18335,0.08366,-0.7099,-0.1128,0.02802,-0.04588,-0.35153,0.77448,-0.24209,0.21914,0.04945,-0.07654,-0.21124,0.53124,-0.05425,0.64204,-0.12973,-0.1669,0.11411,0.52542,-0.02442,1.08612,0.50763,0.13602,-0.50572,0.18969,-0.12722,0.42544,0.26206,-0.95083,-0.1274,0.49789,0.15985
TCGA-06-0644,0.17402,-0.40862,-0.40377,-0.5431,-0.5665,-0.82476,-0.02315,0.02528,-1.2992,-0.75855,0.18097,-0.26775,2.3238,-0.26151,-0.74913,-0.18079,0.04057,-0.49456,4.6472,0.82647,-0.46847,0.34169,-1.84717,0.94762,-0.18645,0.26297,-0.59541,0.82107,0.68263,-0.58523,-0.0575,-0.15425,-0.35847,0.15505,0.08293,-0.76769,0.05623,-0.77463,-0.44903,-0.33722,-0.03662,-0.77195,-0.57148,0.80393,1.49899,-0.51713,0.08274,-0.71282,-1.77605,-0.87919,1.94424,2.6818,-0.9676,-0.12954,-0.38665,-0.23816,0.42594,-0.88946,-0.56426,-0.95415,-0.3387,-0.17686,-0.11208,-0.24972,0.5483,-1.2387,0.96147,-1.59699,0.33514,-0.17694,-0.11402,-0.65385,0.0137,-0.73518,0.86379,0.21688,-0.42839,-0.14553,0.01621,-0.06088,-0.24154,0.28636,0.08984,0.49678,0.36671,0.00554,-0.22613,-0.00759,-0.28604,0.34229,0.22916,0.37334,-0.46273,0.04688,0.02769,0.24085,0.68924,0.49934,0.03779
TCGA-06-0645,-0.40852,-0.04968,-0.25494,0.26507,-0.22805,-0.36954,0.08301,-0.69945,0.08929,0.64784,-0.11769,0.49039,-0.09543,0.65276,-0.1697,0.09624,0.648,-0.30184,-1.19376,1.30299,-0.36505,0.03785,2.14189,-0.31734,0.56649,0.09701,-0.22328,-0.15566,0.54979,-0.21973,0.0707,-0.10954,-0.32639,-0.437,0.25111,0.24005,-0.23899,0.23405,-0.34759,0.55707,-0.07194,-0.33307,-0.28955,0.18631,0.5076,0.54509,0.09632,-0.32619,-0.416,-0.20692,-0.27136,-0.01037,0.00332,-0.11729,-0.19212,-0.26867,0.43087,-0.38686,-0.23873,-0.06278,-0.17066,-0.13582,-0.34194,-0.00484,0.32479,-0.21217,-0.37296,0.17348,-0.07612,1.40288,0.10016,-0.2386,-0.18598,0.05858,0.69359,0.50307,0.20713,-0.58228,0.27256,0.09666,0.05813,0.05961,0.10648,0.6785,0.38435,-0.16424,0.03148,-0.27297,-0.43661,0.03283,1.43373,-0.19773,0.04393,-0.42094,-0.35676,0.26547,0.18042,0.14233,0.08356
TCGA-06-0646,-0.27544,-0.34297,-0.30259,-0.48749,0.1489,-0.17175,-0.02597,-0.18039,-1.09794,-0.83963,0.0133,0.24441,-0.37031,-0.52542,0.0643,0.03918,0.15808,-0.37275,-0.47405,0.47126,0.15386,0.10469,0.60146,-0.53161,0.39429,-0.22247,-0.22451,1.13746,-0.35683,-0.06472,-0.70047,-0.27254,-0.37141,-0.24515,-0.08435,0.19429,0.3549,0.07751,0.23302,-0.16108,0.1,0.05492,-0.17651,-0.98386,0.08026,-0.08012,0.04602,-0.53086,-0.79244,-0.25092,-0.50543,-0.73216,-0.20243,-0.03446,0.11635,-0.291,0.1561,0.37649,-0.04292,0.2466,-0.63239,0.06013,-0.05464,-0.15777,-0.58227,-0.39931,-0.18176,0.05361,-0.56082,0.55319,0.25549,-0.90934,0.05627,0.42614,-0.49996,0.56428,0.21853,-0.31832,0.26988,-0.03672,-0.29097,0.04289,0.04739,-0.96676,0.12054,-0.09369,-0.05933,-0.01918,-0.44705,-0.22694,0.08232,-0.88938,-0.46817,0.1347,-0.09393,0.29566,-0.12484,0.5517,-0.10546
TCGA-08-0244,-0.46496,0.13915,0.06522,0.12263,-0.252,-0.23756,-0.2336,0.03388,-1.09486,-0.67355,0.13238,-0.36152,0.25314,-1.55993,-0.64925,-0.51594,-0.57277,-0.41691,-0.64212,-0.46372,-0.52673,0.58719,2.21372,-0.4884,-0.46369,-0.25401,0.48215,1.18038,1.32746,0.43861,-0.51754,-0.28286,-0.18383,0.26197,0.53307,-0.51025,0.57963,0.1407,-0.37341,0.39389,0.99492,-0.18617,-0.04644,0.88805,0.09252,0.02992,-0.00663,-0.56914,-0.6332,-0.05369,-0.28705,0.26677,0.19756,-0.25383,0.08961,0.07659,0.0636,1.49979,-0.26323,-0.79896,-0.18551,0.41178,0.50676,0.04943,-0.2181,-0.75688,-0.70798,-0.36412,0.14565,-0.88097,-0.11205,-0.41683,0.16124,0.058,1.02195,0.14162,-0.0526,0.08965,-0.77821,0.37153,0.26977,0.8115,0.06843,-0.46725,0.11094,0.15814,-0.00208,0.20485,-0.21188,0.24193,0.01956,0.05869,-0.40166,0.50498,0.14575,-0.13817,-0.14618,-0.76956,-0.27229
TCGA-08-0246,-0.47291,-0.04497,-0.0085,0.0598,0.10049,-0.2251,0.01057,-0.03519,-1.07351,-0.83704,0.05145,0.211,-0.08197,-0.2308,-0.54151,0.08025,0.53982,-0.17964,-1.34588,0.25128,-0.54186,-0.49812,3.38732,-0.34682,-0.22772,-0.55202,0.28194,1.40584,0.08883,0.77261,-0.2979,-0.39871,-0.51946,-0.06893,0.45669,-0.29193,-0.25671,-0.0246,-0.46595,0.26924,-0.02925,-0.54249,-0.38392,0.9318,0.08766,0.42051,0.18702,-0.59765,-0.71973,-0.25143,-0.09019,1.6964,0.42351,-0.49881,0.19645,-0.17692,-0.0591,-0.8428,0.42283,-2.26154,0.21744,0.16147,0.37758,0.145,-0.40689,0.13017,-0.29566,0.80188,-0.36001,-0.69557,-0.28553,0.19365,0.25486,-0.53057,0.5361,0.29739,0.00452,0.17385,-0.15659,-0.12792,0.00165,-0.3406,0.034,-0.05462,0.11116,-0.22769,0.09185,-0.9272,-0.22695,-0.11254,-0.0431,0.17019,0.16657,0.03184,0.13904,0.09046,0.19948,0.36664,-0.07167
TCGA-08-0344,-0.89213,0.31114,-0.24268,-0.13717,0.50146,0.20211,-0.88769,0.22218,-0.7351,1.10084,0.21597,-0.58065,-0.65492,-0.92695,-0.15005,1.1135,0.18959,-0.41775,-0.7183,-1.42176,-0.19317,-0.27467,1.31612,-0.62702,-1.29176,-0.23506,-0.14351,-1.15919,-0.38769,-2.7898,-0.2633,-0.41484,0.29584,0.16471,-1.12296,0.34502,-0.98369,0.4806,1.66485,-0.85334,-0.26546,1.50014,0.7235,0.0078,-0.54927,0.36257,-0.90744,-0.7081,-0.37183,-0.14504,-0.8121,-2.89689,0.29972,0.13867,0.9443,0.03917,0.43464,0.08024,-0.02229,-1.20667,-0.23484,-0.26118,0.33806,-0.47815,-0.44822,1.44536,1.05475,1.74256,-0.66886,1.62041,-0.03687,1.26993,0.12923,0.61101,-1.57046,-0.08554,1.02514,0.48319,0.25345,0.23845,0.30062,0.36475,0.10934,-1.26497,0.14705,0.10915,-0.04119,0.93013,1.62916,0.28452,-0.99572,0.79331,-0.48772,1.10074,-0.12374,-0.56522,-0.33665,-1.09863,-0.08491
TCGA-08-0345,-0.42803,-0.16914,-0.29657,-0.41712,-0.04458,-0.39447,-0.02781,-0.45795,-1.0865,-0.78302,0.25544,-0.35989,-0.63327,0.56462,-0.48933,0.12935,-0.93057,-0.49844,-0.69982,0.89486,0.38326,0.50895,-1.90342,-0.65608,1.07453,-0.23448,0.12338,-1.1291,0.21898,0.06088,-0.24186,-0.0639,0.04009,-0.03042,-0.19566,0.1427,0.66275,0.6117,-0.16851,0.22728,-0.20582,0.13704,-0.0097,-1.20913,0.48351,0.57529,0.58072,-0.58549,-0.90679,-0.46157,5.13504,-2.47418,-0.64278,-0.03066,0.0405,-0.1812,0.38841,0.27002,-0.32469,0.35661,-0.68159,0.17236,0.07841,-0.19306,0.01908,-0.128,0.06338,0.20758,-0.32927,-0.16834,-0.12589,0.10317,-0.0107,0.33012,-0.80529,0.57169,0.37474,-0.25845,0.38547,-0.15623,0.19952,-0.03235,-0.0969,-0.2299,0.25598,-0.15027,-0.0605,0.12778,0.20814,0.13785,0.55251,-0.19212,-0.38127,0.14079,-0.15764,0.03546,-0.29318,0.20637,-0.11468
TCGA-08-0347,-0.39498,-0.35348,-0.18993,-0.03885,0.23902,0.05478,-0.00791,-0.45823,-1.12859,-0.59708,0.02046,-0.00949,0.17118,1.24092,-0.89146,-0.15367,0.04205,-0.501,-1.07573,0.03724,0.39299,0.39987,-2.04318,0.01493,0.71127,0.03942,-0.17793,-0.79965,1.11132,-0.81134,0.25588,0.50688,0.21702,0.07609,0.14507,0.63572,-0.01472,0.37835,0.02472,-0.01187,-0.29513,-0.31266,-0.1058,-0.61645,-0.35986,0.31774,0.51705,-0.30168,-0.90979,-0.20025,-0.42408,1.26261,-0.61948,0.23168,0.0667,0.09991,0.00395,1.11351,0.09402,2.68013,0.17179,-0.06567,0.29866,-0.1294,-0.11631,0.04448,-0.11717,0.37011,-0.16063,0.0493,-0.06851,-0.57486,0.55673,0.56076,-0.11359,-0.06234,0.56545,-0.15523,0.24178,-0.03081,0.40285,0.10672,-0.00611,-0.02677,-0.00883,0.1645,0.05015,0.50088,0.23368,0.15283,-0.19871,-0.31666,0.84828,-0.31267,-0.91063,0.70954,0.36208,-0.09271,0.09802
TCGA-08-0348,-0.38515,0.0718,0.09569,-0.05574,0.37397,-0.53263,-0.55756,-0.42137,-1.2605,-0.87786,0.09535,-0.56542,-0.31361,1.09633,-0.10829,0.07152,-0.29514,-0.3178,-1.30744,0.39059,0.69513,0.50259,-2.11647,0.12833,1.11886,-0.43831,0.18286,-1.31878,0.09279,-1.38592,-0.12736,-0.37685,0.58675,0.36528,0.03959,0.45885,0.71214,0.17223,0.23673,0.0754,-0.05052,0.6502,-0.19798,-0.69059,-0.33616,-0.33002,-0.14104,-0.11062,-0.20216,0.0746,-0.6828,-0.06688,-0.78153,0.20888,0.09595,-0.42477,0.17631,0.8527,0.26997,0.20001,-0.56737,-0.07667,0.17999,-0.49551,-0.51674,0.9776,0.07678,0.09186,-0.46835,-0.42636,-0.10345,-0.3043,0.33926,0.58422,-1.00055,-0.17359,0.42083,0.05846,-0.19541,0.25803,0.16667,0.03422,0.12219,-0.49486,-0.02304,0.05606,-0.06179,0.39725,-1.07137,-0.02371,-0.20478,0.59938,-0.70306,-0.18882,-0.24947,-0.38764,-0.23488,-0.74244,-0.1419
TCGA-08-0349,-0.66513,-0.11342,-0.14876,-0.14937,-0.12431,0.15607,0.40395,-0.0773,2.28927,0.98267,0.00E+00,-0.12269,-0.66219,-1.35097,0.27953,-0.09862,0.25778,-0.46751,-1.13602,0.19464,-0.61182,0.17295,2.43774,-0.35613,-0.03927,-0.2425,0.27098,-1.43364,0.65536,-0.09662,0.07343,0.97581,0.22369,-0.30011,-0.4979,-0.11524,-0.25151,0.0593,-0.15904,0.42701,-0.34522,-0.14963,0.07026,-1.1104,-0.17501,0.84747,-0.28907,-0.97853,-0.72273,0.03079,-0.41456,1.36533,0.26127,0.12088,-0.12646,-0.05599,-0.04564,1.61316,0.0977,0.29129,-0.61116,-0.21121,0.09851,-0.50449,0.01192,-0.1846,-0.24357,0.00187,-0.28377,-0.03354,-0.14039,-0.62677,-0.44312,0.237,-0.16605,-0.4803,0.32156,0.06035,-0.49956,0.00374,0.12543,0.16459,-0.00712,-0.71501,-0.05399,-0.20628,0.11234,-0.06518,0.05476,0.20317,-0.16563,0.81935,-0.12036,0.31785,-0.48862,0.11269,-0.14799,-0.29225,-0.2498
TCGA-08-0350,-0.55664,0.02185,0.09169,-0.11221,0.13588,1.31641,-0.62428,0.02771,2.79057,1.28866,0.09604,-0.4917,0.04408,-0.11861,-0.79436,0.50766,0.29534,-0.42602,-1.44027,-0.12423,0.23397,-0.47236,-1.38544,-0.34453,0.02071,0.49898,-0.31464,-1.4129,-2.5487,-0.57978,-0.08806,0.28409,0.08286,-0.72908,-0.46956,0.15617,-0.84923,-0.52115,-0.04417,-0.41657,-0.5374,0.03649,-0.25249,-0.63832,-0.23838,-0.59564,-0.62617,-0.5747,0.03518,-0.11168,-0.73367,-1.29881,0.88122,0.63972,0.17017,-0.10308,-0.20364,-0.00647,-0.72177,0.31022,-0.42642,-0.77851,-0.33409,0.69652,-0.43108,0.28181,-0.24646,0.32158,-0.49734,-0.4823,-0.18958,0.02376,-0.02193,0.28967,-0.79982,-0.77979,-0.18055,0.02406,0.66339,-0.62806,-0.29425,-0.0649,0.14375,-1.23026,0.07888,0.04514,0.05803,-0.03496,0.49485,0.03663,-0.39954,0.55416,-1.33377,-0.25884,-1.01535,0.06952,-0.1652,-0.6366,-0.10282
TCGA-08-0351,-0.56387,0.36698,-0.06742,-0.09482,-0.02336,0.93124,0.43915,-0.73856,0.17725,0.3671,-0.16567,-0.51758,-0.94834,-0.88982,-0.21208,0.73756,-1.23871,-0.61671,-1.3681,-0.57795,0.14993,-0.3966,-1.64012,-0.45813,0.70042,0.26357,0.41059,-1.24846,-1.50755,-0.19011,0.32239,1.09631,-0.0658,0.51301,-0.34537,0.47784,2.33359,0.55232,-0.32471,-0.02,-0.1159,0.0205,-0.08311,-1.5825,-0.20036,0.9318,0.65257,-0.82415,-0.53065,-0.15727,-0.6672,-2.7768,0.70804,-0.39241,0.42399,0.02775,-0.5771,0.52399,-0.43613,0.83595,-0.44316,-0.38652,0.32394,0.52916,0.08782,-0.25213,-0.0354,0.26922,-0.27775,0.08906,-0.0022,-0.06143,0.29176,0.03148,-0.64541,0.15656,0.26907,0.00571,0.36456,-0.05649,0.56621,0.07212,0.08262,-0.59482,-0.01561,0.00165,-0.01192,-0.04562,-0.72095,-0.09618,-0.21135,-0.52953,0.63765,0.12946,-0.73649,0.45789,-0.3343,-0.9655,-0.04237
TCGA-08-0352,-0.13628,-0.46473,-0.12046,-0.27598,-0.14527,0.17495,-0.09763,-0.50367,-0.34052,0.87429,-0.05985,0.2234,-0.4851,-0.18433,-0.55094,-0.19023,0.72729,-0.24274,0.90987,0.51941,0.15771,0.18683,3.22356,-0.02821,0.14987,0.08615,-0.05814,1.47706,0.20682,0.22649,-0.19171,0.29451,0.07921,-0.23639,0.32151,-0.01116,-0.10709,0.70145,-0.33378,-0.15447,-0.23126,-0.02906,-0.05746,1.24625,0.01018,-0.06391,-0.01567,-0.34965,-0.66795,0.1325,1.19399,2.79264,0.0119,-0.55749,-0.09537,-0.2245,0.20655,0.22905,0.26673,-2.43171,-0.37529,0.04345,0.17227,0.25628,0.32998,-0.89546,0.12842,0.02562,0.36776,0.70778,0.2745,-0.17014,0.21882,-0.1798,0.18346,0.14484,0.57886,0.00737,0.22571,-0.00013,0.40672,-0.15224,-0.104,0.31177,-0.26388,0.0683,0.02102,-0.19822,-0.88781,-0.0226,-0.08863,-0.09266,0.11333,0.12085,-0.09526,0.6643,-0.27432,0.07577,-0.10914
TCGA-08-0353,-0.8792,-0.04386,-0.04651,-0.24489,0.08319,-0.17937,-0.84225,0.12472,-1.25837,-0.99007,-0.10463,-0.55926,-0.59419,-0.76434,-0.27947,-0.01844,-0.20338,-0.25444,-1.688,-0.22713,0.16451,-0.79591,3.91826,-0.56167,-0.37777,-0.38949,-0.63097,-1.6259,0.36117,0.45875,-0.17316,-0.49208,-0.19172,-0.34792,-0.3815,-0.57003,-0.65247,-0.56242,-0.84261,-0.8834,-0.03989,-0.69781,0.1201,-0.49971,-0.65413,-1.03512,-1.03388,-0.51137,-0.26089,-0.75516,-1.1487,-1.37763,-0.95125,-0.25732,-0.23858,-0.18785,0.33041,-0.48453,0.40606,0.63911,-0.23303,-0.77993,-0.33996,-0.08117,-0.56404,-0.32783,2.38442,0.44624,-0.36589,0.43544,0.04169,0.0095,-0.12241,0.08857,-0.22196,0.44791,-0.5465,-0.5747,-0.20508,0.31271,-0.98308,-0.5682,0.02595,-1.05988,-0.07697,-0.10787,0.02597,-0.44001,0.5875,-0.33499,-0.59425,-0.31316,-1.38197,-0.80372,-0.62791,-0.04907,-0.37349,-0.63094,-0.10297
TCGA-08-0354,-0.74105,0.23108,-0.14894,0.30187,-0.95068,-0.51868,0.11553,0.02104,-0.95794,-0.62433,0.43593,0.33589,-0.32576,-0.9862,-0.41504,-0.99954,0.01326,-0.56525,-1.25468,-0.30498,-0.74196,0.04405,1.95261,-0.86611,-0.40937,-0.09903,0.27455,-1.22145,1.40476,0.55978,-0.13016,-0.28849,-0.31541,-0.15684,0.51166,-0.6966,-0.04289,-0.19345,-0.13953,-0.3447,-0.28249,-0.72805,-0.18067,-0.11571,-0.26283,-0.16964,0.35548,-0.18893,-0.49808,-0.61559,-0.54217,2.47863,-0.6611,-0.14904,-0.14585,0.00493,0.04147,-0.13916,-0.72443,-1.61782,-0.38368,-0.18595,0.29039,-0.21611,-0.51248,-0.63842,-0.14181,-0.0016,-0.26088,-0.65808,-0.19572,-0.19879,-1.27648,-0.08147,-0.27136,-0.66118,-0.36504,0.3401,-0.29015,0.07505,0.07032,0.44886,-0.06586,0.34607,-0.14158,-0.01931,0.26115,0.04325,0.05602,0.30172,0.23347,0.07955,-0.97503,0.05616,-0.05333,0.11211,0.09099,-0.03217,0.3053
TCGA-08-0355,-0.98555,-0.4132,-0.26738,-0.1015,-0.34198,0.10677,-0.76155,-0.72852,-1.00859,-0.9406,0.01996,-0.44005,-0.30663,-0.47702,-0.78576,-0.30447,0.12278,-0.41851,-1.48412,-0.26982,-0.1987,-0.98661,2.61334,-0.08475,-0.40428,0.0584,0.06479,1.29296,0.38049,1.38847,0.24808,-0.24703,-1.03569,-0.70776,-0.71248,-0.41214,-0.08028,-0.34848,-0.49302,-0.12996,0.26687,-1.45957,-0.16869,0.35616,0.03705,-0.38773,-0.41667,-0.80962,-0.471,-1.09067,-0.90549,-0.3387,-0.56273,-0.62276,0.11177,-0.42969,-0.0503,0.7821,0.25113,-2.03126,-0.2501,-1.27475,-0.47275,-0.74785,-0.02249,-0.74168,-0.06967,0.44048,-0.4082,-0.58494,-0.26894,-0.45585,-0.54746,-0.25866,-0.21343,0.36788,-0.81945,0.24336,-0.59761,0.07926,0.33518,-0.79181,0.14792,-0.6716,-0.42767,-0.24286,-0.02945,-1.43331,-0.37877,-0.33796,-0.83601,-0.28781,0.0248,-1.551,-0.22571,-0.09727,-0.12052,-0.02483,-0.06145
TCGA-08-0358,-1.21268,-0.58525,-0.32932,-0.12606,-1.27858,-0.38218,-1.4898,-0.54236,-1.1271,-0.9341,0.18349,-0.65634,0.19097,-1.83083,-0.16323,-0.75255,-1.29891,-0.1651,-1.11678,-1.42728,-0.49229,-1.72832,1.5072,-0.7855,-2.10244,-0.40606,-0.59688,-0.14313,0.35319,-0.68355,0.11471,-0.2784,-1.29337,-1.47263,-1.3936,-1.40909,-0.32868,-1.29714,-1.21942,-2.0756,0.19368,-1.51024,-1.2321,-1.18545,-0.93064,-1.59544,-0.45175,0.15427,-1.02029,-1.76922,-1.02263,-2.56654,-1.23896,-0.12052,-0.07353,-0.96302,-0.9926,-0.49518,-0.82413,-0.66914,-0.63617,-2.01093,-1.15252,-1.13944,-1.0188,0.14034,-1.08967,0.1589,-0.78158,-0.43457,-0.07346,-0.41428,-1.38735,-0.61166,-1.02703,-0.10309,-1.42516,-0.27735,-1.24767,-1.31041,-2.17454,-1.43174,0.4025,-1.93661,0.04358,0.14185,0.33169,-1.53297,0.46106,0.36335,-0.91476,-0.26574,-1.39858,-1.8859,-1.59858,-0.39982,-0.21066,-0.16768,0.28
TCGA-08-0359,-0.20973,-0.10416,-0.05538,0.61349,0.54696,0.4259,-0.29841,-0.60018,-1.28099,-1.00666,-0.0599,0.09362,0.79515,-0.6016,-0.83516,0.22855,-0.13049,-0.69975,0.43499,0.56299,0.4126,0.17381,0.05583,-0.65916,0.35654,0.00501,0.05371,-0.85523,-2.0132,0.62797,-0.25276,0.25239,0.28927,-0.11639,-0.35476,0.58948,-0.34809,1.09173,0.27344,-0.03764,-0.146,1.18175,-0.01461,-1.18761,0.02237,-0.07196,0.28633,-0.49687,-0.54993,-0.37264,-0.01142,-1.1872,-0.67695,0.23113,0.28261,-0.09827,-0.13074,0.79071,-0.0492,-1.09696,-0.572,-0.45514,0.04661,0.36834,-0.08069,-0.4788,0.07486,0.62244,-0.33392,-0.38751,-0.11044,0.03758,0.2599,0.65335,-0.36497,-0.09517,0.22803,-0.03211,-0.3424,-0.04916,0.222,-0.05847,0.059,-1.18388,0.07853,-0.4813,-0.00499,0.08909,-0.14909,-0.09551,-0.10262,-0.19181,0.4425,-0.11275,-0.74628,-0.17775,-0.22046,0.96426,0.11571
TCGA-08-0360,0.01126,-0.30219,0.0725,0.06575,0.04493,-0.79231,0.61468,-0.59117,-0.7487,-0.64727,0.08792,0.27221,0.61987,0.6426,0.05052,-0.38718,0.22858,-0.30569,3.05065,1.40613,0.41966,0.76642,-0.32245,0.31393,0.57076,-0.42518,-0.42116,-1.11502,-1.2315,0.03085,0.14248,-0.74785,0.1247,0.07693,0.45753,0.29433,-0.82,0.52976,-0.02532,0.47316,-0.33841,-0.16078,-0.2156,0.30919,1.20575,0.82996,-0.0358,-0.45347,-0.01003,0.25447,1.40207,0.07896,0.53445,-0.2834,-0.03894,-0.24152,0.43222,0.51779,-0.56118,0.9197,-0.24946,0.28072,-0.25057,0.01593,0.08927,-0.83328,-0.07314,0.2871,-0.03539,0.09143,-0.12505,-0.5269,-0.10524,-0.02305,0.31352,0.08889,0.50463,0.16826,0.11099,0.12184,0.50693,0.0186,-0.02361,1.00227,0.25571,-0.26926,-0.16028,-0.58483,-0.49788,-0.23229,2.15582,-0.24546,0.32138,0.70753,0.01623,0.8052,0.68466,2.26817,0.79558
TCGA-08-0375,-0.94274,-0.77165,-0.30373,-0.23407,0.09983,-0.17957,-1.13816,-0.24321,-1.00665,-0.85591,-0.21825,-0.61169,0.18285,-1.86713,-0.71701,-0.04639,-0.06147,-0.288,-1.69151,-0.67963,0.22363,-0.57166,2.51911,-0.60138,-1.04367,-0.551,-0.12147,1.09996,0.64817,0.95879,-0.2361,-1.12925,-0.56314,-0.96189,-1.36271,-0.76335,-0.49211,-0.35351,-0.69324,-1.70778,-0.39476,-0.87944,-0.71895,-1.34841,-0.79177,-1.26499,-0.48472,-0.54408,-0.06367,-0.93231,-0.2086,-1.1669,-0.78253,-0.00396,0.3051,-0.42321,-0.50238,0.45704,-1.10389,-0.88457,-0.66091,-0.93709,-0.74067,-0.69652,-0.44966,1.43031,-0.3777,0.81443,-0.75817,-0.58166,0.0096,-0.34353,-0.30789,0.26823,-0.66832,0.22119,-0.44933,0.16672,-0.93909,-0.83285,-0.6295,-0.5814,0.12079,-1.53797,-0.0338,-0.01915,0.00299,-1.1391,0.81664,-0.18308,-0.35532,0.6935,-1.51663,-0.67015,-0.0626,-0.17516,-0.48522,-0.95066,-0.36554
TCGA-08-0380,-0.375,-0.11011,-0.29932,-0.11604,0.34917,-0.3083,0.75436,0.72437,0.92919,0.38724,-0.10406,-0.30826,-0.64368,0.98853,0.11141,-0.23448,-0.56611,-0.00192,-0.70662,0.6745,0.12004,-0.23709,-1.12919,0.96194,0.5193,0.4595,-0.12255,0.36924,-0.34019,0.36569,1.13445,0.06962,-0.58958,-0.52097,-0.75956,0.32263,0.12528,-0.22919,-0.59452,1.41255,1.40852,-0.74155,-0.58551,-0.0158,1.16969,0.55259,0.37044,-0.40042,-0.3031,-0.54018,-0.34652,-1.31585,0.50385,-0.25582,-0.16608,-0.05771,-0.71366,1.94782,-0.03751,-1.38917,-0.41924,-0.53145,0.13954,-1.10535,-0.1406,-0.55946,-0.44725,0.00332,0.39852,-0.13431,0.26203,0.02518,-1.23302,-0.44809,0.58621,0.29308,0.05679,-0.48154,-0.35217,-0.6179,-0.22284,-0.50169,0.09442,0.09839,-0.08464,-0.08903,0.07281,-0.51581,-0.57391,-0.02341,-0.31569,-0.52193,0.83048,-0.4738,1.45832,-0.01298,0.71728,1.31613,0.13896
TCGA-08-0389,0.18161,-0.18385,0.26444,-0.22256,0.33632,0.50741,-0.29429,-0.07255,1.99443,0.91496,-0.02403,0.06557,-0.92486,-0.83654,0.25703,-0.14753,-1.70315,-0.29949,-1.42814,-0.31829,-0.07024,-0.53019,-0.14261,-0.75949,-0.84501,-0.15196,0.14096,-0.62951,0.26908,0.17302,0.13706,0.47549,0.00431,-0.93435,-0.32099,0.28034,-1.41749,0.55285,0.11424,0.05441,-0.00805,1.25575,-0.36753,-1.56956,-0.37619,0.57395,-0.01007,-0.62658,0.16141,0.21757,-0.68071,1.17671,0.78869,1.14185,0.07457,-0.25706,-0.59788,0.03233,0.61542,1.69246,-0.89143,0.09027,-0.29419,-0.25294,0.37085,0.10862,-0.41604,0.1688,0.47206,-0.88511,-0.21883,-0.37183,0.16652,-0.00696,-0.19045,-0.58178,-0.35946,0.04134,-1.11613,-0.0617,-0.11152,0.14836,-0.0551,0.08145,0.10011,-0.01195,-0.1061,-0.12882,0.5387,0.19106,0.12564,-0.17384,-0.68265,0.24758,-1.3133,0.15866,0.13433,-0.54554,-0.23425
TCGA-08-0390,-0.27248,-0.50309,-0.1698,-0.1784,-0.27615,-0.06062,0.25349,0.15952,-0.62593,-0.78691,0.089,0.71137,-0.35993,0.09343,-0.24714,-0.17825,1.16396,-0.25974,5.37165,0.66591,0.5874,0.90061,-1.12546,-0.02317,0.7266,-0.31668,-0.07009,1.37398,1.1196,0.41664,0.32747,0.3001,-0.19133,0.89322,0.83134,0.06332,-0.52826,-0.41029,-0.01722,1.19148,0.52952,-0.23838,-0.69293,1.17444,0.3115,-0.05455,0.24726,0.30102,-0.31152,-0.65445,0.78009,2.86188,0.19117,-0.4546,-0.56585,-0.03833,0.03587,-0.71845,-0.12317,-0.52096,1.11386,0.31566,0.19958,-0.57902,-0.05158,-1.10082,-0.59569,-1.09863,-0.04627,-0.62712,-0.13609,0.25654,-0.12088,-0.68887,1.46387,0.28789,-0.07966,-0.12987,-0.03793,0.3424,0.00286,0.57306,0.00632,1.02275,0.28501,0.33849,0.08526,0.12898,-0.89446,0.21905,0.1037,0.39405,0.95716,-0.08609,-0.3858,0.21678,0.46761,1.02148,0.07544
TCGA-12-0615,-0.72662,-0.36269,-0.2808,0.95309,-1.26478,0.32802,0.3436,-0.81988,-1.12675,-0.84324,-0.01961,-0.71954,2.01012,-0.53662,0.21467,-0.73944,0.08397,-0.56101,-0.59019,-1.03349,0.28995,-1.54065,2.23904,-0.41053,-1.40128,-0.53895,-0.35375,0.45459,-1.18144,-0.08911,-0.30707,-0.25997,-0.84163,-0.78368,0.06774,-1.14618,-0.48078,-1.04151,-0.88641,-0.37767,0.32822,-0.77012,-1.24714,0.44171,-0.32903,-1.05729,0.13263,-0.65486,-0.76479,-1.55546,-0.10429,-2.13799,-1.04716,-0.57544,-0.26074,-0.00205,-1.06708,-0.60528,-0.33597,-0.35926,-0.32983,-1.17898,-0.81036,-0.6897,-1.10521,-1.11054,1.5018,0.79858,-0.68226,3.90293,-0.22808,-1.14987,-1.05629,-1.18325,0.37042,-0.46583,-1.17956,0.0841,-0.80906,-0.52182,-0.1863,-0.49184,0.30846,-0.78925,0.39798,-0.2318,0.19785,-1.35515,-0.80857,0.43416,-0.2305,-0.35103,-0.4292,-1.71458,0.10065,-0.46655,-0.31892,-0.13497,0.21835
TCGA-12-0618,-0.25927,0.0288,0.04258,-0.03369,0.23978,-0.13871,-0.82311,2.45833,2.34393,1.24975,-0.03644,0.02389,-0.42989,-0.15713,0.12647,-0.0311,0.43721,2.07104,-0.89654,-1.26377,-0.15549,-0.34963,0.38122,0.25737,0.00598,1.24011,0.23342,-0.75468,-1.16048,-0.53229,-0.41498,-0.656,0.41131,-0.0834,-0.70606,0.23377,-0.43065,0.14749,1.47683,-0.38106,-0.07543,1.04616,0.2334,-1.17782,-0.36443,-0.03124,-0.28615,-0.82517,0.00403,0.1274,0.00011,0.86446,0.31634,0.66567,0.18817,-0.0517,0.03916,0.42766,-0.16902,-1.60301,-0.3161,-0.2986,-0.01852,0.28288,-1.00931,0.27453,1.85605,0.46084,-0.65933,-1.01332,-0.07908,-0.40859,0.1222,0.7055,-1.23555,-0.32709,0.42341,0.12583,-0.65019,0.02434,0.2748,0.01877,0.45005,-0.26436,-0.37308,-0.05726,-0.09364,1.11623,-0.56934,-0.11548,-0.32272,-0.44436,-0.54313,0.8383,3.44762,-0.29044,-0.22354,-0.71762,-0.29463
TCGA-12-0619,0.3774,-0.44714,0.28583,0.62515,0.29705,-0.83029,0.43119,-0.8384,2.28982,1.34259,-0.20239,0.11585,-0.46129,0.30943,0.00349,-0.20235,0.59931,-0.61159,-0.861,0.90441,0.2009,0.37452,2.80945,0.60327,0.3538,-0.09518,0.10887,0.64566,-1.42831,-0.4457,0.67114,-0.6917,0.77901,-0.42418,0.7141,0.27115,-1.32334,-0.09288,0.44291,-0.00521,-0.2507,0.46936,0.10163,1.02884,0.72063,0.43893,-0.15479,-0.68595,-0.37635,0.63714,0.77119,1.52789,0.88332,0.67891,-0.37169,0.06877,0.42812,0.19427,-0.19,-1.15841,1.13626,-0.14714,0.13808,-0.36107,0.57102,-1.11764,0.61773,0.07439,0.52446,-0.58285,-0.31248,-0.73525,-0.16835,-0.12686,0.26464,-0.04458,0.41952,0.52529,-0.18048,0.33346,0.37663,0.20779,0.09312,0.32976,0.13341,-0.0491,-0.18198,0.06235,-1.20845,-0.25663,0.57981,-0.16168,-0.61169,0.41613,-1.22544,0.84429,-0.05644,0.64605,0.14128
TCGA-12-0620,-0.91757,-0.43789,-0.23194,-0.00043,-0.74525,-0.13387,0.15832,-0.66754,-0.774,-0.44637,0.31249,-0.07243,-0.43812,0.86318,-0.77571,-0.3037,0.36657,-0.5061,0.09637,-0.45113,-0.75819,0.10333,-0.01645,-0.62492,0.2517,-0.53082,-0.60356,-1.29343,0.9058,-1.02803,-0.41565,-0.3495,-0.05065,-0.5164,0.25931,0.3778,-0.77999,-0.07991,-0.77496,0.12022,-0.23469,-0.36118,-0.69344,-0.86718,0.62465,0.36407,-0.37666,-0.2199,-0.61863,-0.98256,-0.55395,1.8992,-0.72379,-0.24179,-0.43624,0.00038,-0.44743,-0.24942,-0.41875,-0.28776,-0.13071,-0.62679,0.10161,0.7369,-0.58621,-0.44129,-0.11696,-0.91382,-0.47373,-0.50298,-0.13696,0.20348,-0.83824,0.10174,-0.14844,0.05589,-0.33461,0.40724,0.01155,-0.73806,0.42619,-0.06843,0.18689,-0.16572,0.25119,-0.15929,0.08695,-0.83921,-0.38838,0.28707,-0.16015,0.17886,-1.16126,-0.60707,-0.46062,-0.35006,0.12335,-0.25615,0.14222
